tau,K_rel_fp64,H_rel_fp64,K_rel_fp32,H_rel_fp32,K_rel_fp16,H_rel_fp16,K_rel_fp8-e5m2,H_rel_fp8-e5m2,K_rel_fp8-e4m3,H_rel_fp8-e4m3
2.3507983912818275e-06,9.926452916887233e-14,5.635336089858701e-08,0.0037609112326194337,2133.112778905394,1.0,1000000.0,1000000.0,1000000.0,1000000.0,1000000.0
2.1157052891018768e-05,2.196974167663726e-12,1.3845455996433695e-07,0.0025598731676919357,161.32605291975966,1.0,1000000.0,1.0,1000000.0,1000000.0,1000000.0
5.876885453681702e-05,1.7552161684253745e-12,3.981822241775358e-08,0.0008078704863378972,18.32974476838282,1.0,1000000.0,1.0,1000000.0,1000000.0,1000000.0
0.0001151847886471935,1.638099273347384e-13,1.8956031135799177e-09,0.0005376337809431384,6.2243762458170515,1.0,5799.971665923237,1.0,1000000.0,1000000.0,1000000.0
0.0001904027332669811,1.7972057061362738e-13,1.2576776305792255e-09,5.843256294505336e-05,0.4092059637314161,1.0,9581.939048767817,1.0,1000000.0,1000000.0,1000000.0
0.000284419859246543,3.606594486705965e-15,1.6715639800300006e-11,4.345231691812356e-05,0.20375200104558164,1.0,4773.320116211457,1.0,1000000.0,1000000.0,1000000.0
0.0003972326303482987,7.647820456979883e-14,2.5655128285405014e-10,0.0001017181341976643,0.3414124219915796,0.8354575216749641,2783.816564808975,1.0,1000000.0,1000000.0,1000000.0
0.0005288368033801172,5.806796111547157e-14,1.4684456473913383e-10,7.77872125589351e-05,0.19615745096006026,0.3780978508626825,916.3832160347405,1.0,1000000.0,1000000.0,1000000.0
0.000679227428354412,6.514813550150538e-14,1.2802452255208898e-10,5.724840672737129e-06,0.011303067131417694,0.07392018513921556,147.68554750643867,1.0,1000000.0,1000000.0,1000000.0
0.0008483988486743255,9.808274099725396e-14,1.5402642601994307e-10,5.409704093964772e-05,0.08513674483141406,0.1405354852263697,222.60951965183622,1.0,1000000.0,1000000.0,1000000.0
0.0010363447013471139,2.8587896067505156e-15,3.698118864163728e-12,1.9704378774818253e-05,0.02537441255440645,0.055046218955760756,69.7949969579496,1.0,1000000.0,1.0,1000000.0
0.001243057917222401,3.951974453226069e-14,4.250700138759072e-11,4.9801581222415364e-05,0.05343759257157061,0.12002020112790207,129.48855860523608,1.0,1000000.0,1.0,1000000.0
0.0014685307212594645,1.6525902395020495e-14,1.504856917714724e-11,3.1755754046650915e-05,0.028916327328095803,0.2556958030100519,233.59684419087932,1.0,1000000.0,1.0,1000000.0
0.0017127546328182253,7.081231908570681e-15,5.4893113326279665e-12,4.3430209581976485e-05,0.03386018047411551,0.06325299764851923,49.340850379546865,1.0,1000000.0,1.0,1000000.0
0.0019757204659796024,2.2978411228559402e-14,1.5470870208144046e-11,1.1526421434697391e-05,0.007799266990582787,0.07844094761478114,53.153116846561005,1.0,359.18103052232374,1.0,1000000.0
0.0022574183298896267,1.539849054761792e-14,9.140685648347261e-12,2.8556443964701625e-06,0.001675600627830466,0.19387453402639432,114.17485210615067,1.0,502.38278114764404,1.0,1000000.0
0.002557837629132531,8.194123201249157e-15,4.2854112523382315e-12,1.720766064414512e-05,0.009022601970733202,0.004036997557245613,2.15942204524821,1.0,502.30742893657555,1.0,1000000.0
0.00287696706412921,1.5763703481609427e-14,7.357383740935646e-12,3.658619322090094e-06,0.0017016153030122987,0.11454763162851443,53.09464363056317,1.0,502.22738999178097,1.0,1000000.0
0.0032147946315613796,1.327786328255329e-14,5.481089423929093e-12,1.2888182586557704e-05,0.005357328578805167,0.01893985749184239,7.809148468828229,1.0,287.3672391136542,1.0,1000000.0
0.0035713076248239384,1.6872020756708318e-14,6.2843596847735e-12,1.7908875973219005e-05,0.006700303657459601,0.08336319264081124,31.057604008717192,1.0,287.3161535341991,1.0,1000000.0
0.003946492634502419,3.596697144535147e-15,1.2220983943842523e-12,1.2603026674445714e-05,0.004269158945191585,0.013471171981452895,4.599798482818404,1.0,358.82799665560344,1.0,1000000.0
0.004340335548877583,7.067280229546709e-15,2.2184334925034785e-12,4.040720773275034e-06,0.0012525621273416436,0.004992011395187148,1.4150375856530475,1.0,358.7574665763068,1.0,1000000.0
0.004752821554456166,3.346622392599439e-15,9.441256350648567e-13,6.071965267665287e-06,0.0017068666417555994,0.08254054154663718,23.145645095151153,1.0,251.3785237256206,1.0,1000000.0
0.005183935136527762,4.832445428968003e-15,1.25260717877261e-12,2.8600793654929706e-06,0.000740049687576134,0.01853259266895555,4.808735334196238,1.0,251.3244916952998,1.0,1000000.0
0.0056336600797489145,3.963744448913344e-15,9.358947474959808e-13,7.291849566887061e-07,0.0001783346497701275,0.03125507866706512,7.3489630825699646,1.0,251.2681333020868,1.0,1000000.0
0.006101979468752627,7.181760150738594e-15,1.573348252581013e-12,1.2987237845570578e-06,0.0002738479155299745,0.04807189439484945,10.555641369404237,1.0,251.20945145530436,1.0,1000000.0
0.0065888756887845235,1.4482045954156594e-14,2.955368382156793e-12,4.012256811074948e-06,0.0008238879667399288,0.008135720639330287,1.6979588425884067,1.0,179.6774637026321,1.0,1000000.0
0.007094330426365814,1.2373117601738474e-16,6.309106559823547e-14,4.5753825030003126e-06,0.000875972402348306,0.02250570248934313,4.263894242985254,1.0,179.63223545374981,1.0,1000000.0
0.00761832466998158,1.1502469743619507e-14,2.0219778815012594e-12,1.323432820661559e-06,0.0002321610833281836,0.0007431704168348601,0.08767125498538937,1.0,179.58535434073335,1.0,1000000.0
0.008160838710796425,4.079857873454019e-15,6.49528043743305e-13,1.3315306332374593e-06,0.00022887891889486193,0.021142848502412857,3.4285500963507003,1.0,179.53682278201248,1.0,1000000.0
0.008721852143395048,5.313937357575158e-15,8.164191215482282e-13,3.779427400848701e-06,0.0005808871398299169,0.043965351386244626,6.77379888542355,1.0,179.48664328071592,1.0,1000000.0
0.009301343866550793,5.6822014787860894e-15,8.052864340861909e-13,4.104902882981313e-06,0.0005934878334843311,0.025910404439714974,3.7989348349051144,1.0,125.90437289711977,1.0,1000000.0
0.00989929208401813,1.0741942370564199e-14,1.4545026670945162e-12,8.603196764023866e-07,0.0001148018198361007,0.01277245957944471,1.7708373805340485,1.0,125.86694561961717,1.0,1000000.0
0.010515674305353107,4.6897088484677825e-15,5.940694427040795e-13,1.4795897718253119e-06,0.00019311256247216203,0.002374343666820651,0.31701832430807975,1.0,125.82837039323498,1.0,1000000.0
0.011150467346759674,1.0608486072128886e-14,1.2861017665471796e-12,4.1114135600059066e-06,0.000499834903152935,0.026721307060772626,3.250130149256628,1.0,125.78864920596912,1.0,1000000.0
0.011803647331960654,3.698817035856442e-15,4.208109151885056e-13,3.3336211582891788e-06,0.0003833364953769578,0.019607819918436024,2.1932226489480335,1.0,125.74778410442306,1.0,1000000.0
0.0124751896930968,4.559570334445829e-15,4.910073806006046e-13,2.1373151689258064e-06,0.0002316177228349199,0.015225168551264085,1.582274899616404,1.0,125.70577719366223,1.0,1000000.0
0.013165069171650001,8.129066990464006e-15,8.288134699215811e-13,5.25721579222245e-07,5.1212917337812445e-05,0.01248601777029858,1.2614167364346442,1.0,90.04473616933903,1.0,1000000.0
0.013873259819394246,1.2310205840838442e-16,1.0129500835153542e-14,1.2382361326983383e-06,0.00012185502260223332,0.01138793567230073,1.0783699973195,1.0,90.01310475443243,1.0,1000000.0
0.014599734999370784,3.321938658948329e-15,3.0229244365120186e-13,2.939936440467051e-06,0.00027817402223765514,0.011928356617893434,1.1413404383625136,1.0,89.98066252186074,1.0,1000000.0
0.015344467386890104,8.36167482673989e-15,7.265638951273581e-13,9.582625812326794e-07,8.275960154969386e-05,0.010772647629786256,0.9229231583379226,1.0,89.94741114118725,1.0,1000000.0
0.01610742897056061,2.5807989121151765e-15,2.1322148604292743e-13,3.490861972651872e-06,0.0002914778084125468,0.006408663747637979,0.5097469858586327,1.0,89.91335232317698,1.0,1000000.0
0.01688859105334084,3.0705727448447384e-15,2.463173278897583e-13,1.0653801496908361e-06,8.380563235548503e-05,0.0025756945385154227,0.1619733942243989,1.0,89.87848781966645,1.0,1000000.0
0.017687924253620035,7.364938889374136e-16,4.759155333357329e-14,2.2912954255695727e-07,2.1330479056100535e-05,0.002346611363292539,0.18065490631819403,1.0,63.18997359641228,1.0,1000000.0
0.018505398506322213,3.9255489980723255e-15,2.827207420020941e-13,8.580514853232031e-07,5.6477136610950344e-05,0.009435136563854257,0.6484929363657759,1.0,63.16444427768989,1.0,1000000.0
0.01934098306403792,9.807695104808745e-16,7.182084463990683e-14,1.640204543549177e-07,1.4881511664453074e-05,0.003420941016435167,0.206054494373596,1.0,63.1383548296132,1.0,1000000.0
0.020194646498180313,3.18545069363001e-15,2.081049303942393e-13,2.841952972825034e-06,0.00018913974397960192,0.0031516702917472046,0.2244701813564849,1.0,63.111706592589016,1.0,1000000.0
0.021066356700167044,1.2243684799386765e-16,5.5388284080070806e-15,4.1323217430726327e-07,2.9235678826045983e-05,0.0118837828047492,0.7630310905723658,1.0,63.084500935320406,1.0,1000000.0
0.021956080882628348,1.1011926141614529e-15,6.003865808540129e-14,3.278305921887713e-06,0.00020160901339078192,0.013283377596098638,0.8094110636487805,1.0,63.05673925471032,1.0,1000000.0
0.022863785580640117,4.890840017519832e-15,2.8800487116055917e-13,1.1320146778033607e-06,6.903736477870825e-05,0.012146734371294031,0.7414761249440749,1.0,63.02842297576139,1.0,36.444813129006505
0.023789436652982665,7.331139001081019e-16,3.269583263793094e-14,1.933951241928713e-06,0.00011043954147657086,0.009196206581644922,0.5396094492414351,1.0,62.99955355147532,1.0,36.428316315128754
0.024732999283424484,1.4651842701468272e-15,7.83836180708919e-14,1.5602509549551915e-06,8.752691840842922e-05,0.001724967760178005,0.06791923742463851,1.0,62.9701324627496,1.0,36.411504264428345
0.025694437982032636,1.5861316061950337e-15,7.539853461425274e-14,2.222082406099755e-07,1.4369823504235807e-05,0.011571382890399853,0.5911629634989506,1.0,45.242972298766134,1.0,36.39437783901291
0.02667371658650669,3.657598766242334e-15,1.8214379958658818e-13,1.3381000596327034e-06,6.737895563196838e-05,0.005393093305649468,0.2653128429718003,1.0,45.22117239601104,1.0,36.376937916808835
0.02767079826353913,2.8020486224349313e-15,1.3506717659608726e-13,1.5139649619457818e-06,7.499612675229406e-05,0.01893904142078913,0.9216994967660335,1.0,45.198981739373195,1.0,36.359185391498556
0.028685645510201474,1e-18,1.226141451304065e-16,8.95446690605637e-07,4.255728614195625e-05,0.004699658096376846,0.23586473539165537,1.0,45.17640146557205,1.0,45.17640146557205
0.029718220155353692,1.702959010766283e-15,7.781950024404237e-14,3.719949925141431e-07,1.5135875310873059e-05,0.007898677939178778,0.3560795501812995,1.0,45.153432730863294,1.0,45.153432730863294
0.03076848336108101,2.917042266312126e-15,1.2873233208092027e-13,7.280310005675989e-07,3.5844450995361774e-05,0.003591999343803545,0.17740933669887896,1.0,45.130076710954704,1.0,45.130076710954704
0.03183639562415391,1.9431257164830018e-15,7.969520550488639e-14,3.0367546270812135e-08,3.80764708088169e-06,0.003861854781431772,0.17246781882787307,1.0,45.1063346009243,1.0,45.1063346009243
0.03292191677751449,1.4561486905659632e-15,6.362340643181616e-14,8.184116573725465e-07,3.051115910589847e-05,0.0049272337671739455,0.2139826706511422,1.0,45.082207615133676,1.0,45.082207615133676
0.034025005991786816,4.849781399268441e-16,1.7242139036497673e-14,4.3726407558465565e-07,1.675126922832242e-05,0.0071087882277282785,0.2771784088046697,1.0,45.05769698714394,1.0,27.434618192286365
0.03514562177681291,1.5748433492596952e-15,6.477425846779658e-14,1.314647907114038e-06,5.189785757559886e-05,4.167514392366578e-05,0.014818528987462446,1.0,45.03280396962549,1.0,27.419682381775292
0.036283721983213335,7.262250850025854e-16,2.4306941007245783e-14,2.9586898869836304e-07,9.779057390091163e-06,0.007165743165915984,0.2688694515203583,1.0,31.805270883989596,1.0,27.40451790056251
0.03743926380397217,1.2093169589396783e-15,4.174938602641953e-14,5.192237445492487e-08,8.767509326818901e-07,0.004157765417374437,0.14894060504692694,1.0,31.78731311019205,1.0,31.78731311019205
0.038612203776047904,1.2082434807245562e-16,6.954112489490359e-15,8.883354817685213e-07,3.407421547228048e-05,0.008955593844067144,0.3201653616103043,1.0,31.76909037396899,1.0,31.76909037396899
0.039802497782007173,1.3278702534910988e-15,4.096803377215856e-14,1.6301664558557684e-06,5.437757235149674e-05,0.004008553243588718,0.13449577604324253,1.0,31.750603605065862,1.0,31.750603605065862
0.041010101051684844,9.64840731410685e-16,3.1072853438311463e-14,1.3469550452507159e-06,4.481781801457677e-05,0.00014547904248330453,0.009139240448067222,1.0,31.731853746284635,1.0,31.731853746284635
0.04223496816386768,4.819727866071484e-16,1.7049052033155762e-14,4.4442330484960393e-07,1.5192897799488576e-05,0.0036962898788277776,0.11723960479956369,1.0,31.712841753416193,1.0,31.712841753416193
0.04347705304800287,1.6853172059857267e-15,5.4157622929324454e-14,2.9643253219112646e-07,9.12317254351996e-06,0.0020132129913649622,0.05688358215867307,1.0,31.693568595171993,1.0,31.693568595171993
0.04473630898593073,2.886357840107441e-15,8.525917556256195e-14,7.653267314190905e-08,1.8837323363092986e-06,0.0007368235786807574,0.008310485004946012,1.0,31.67403525311598,1.0,31.67403525311598
0.04601268861364188,1e-18,2.309385269168874e-15,6.377487601213686e-09,1.7005854370068661e-06,0.0029389491225183606,0.07982649096018614,1.0,31.65424272159451,0.8938531051923634,23.085476424109974
0.047306143923059096,1.0802760840857459e-15,2.7087161155773284e-14,3.848117778876159e-07,1.2995954073655517e-05,0.0045946436009442725,0.14108946233907615,1.0,31.634192007664783,0.8919953771233758,23.06972229173662
0.048616626263842444,1.199113473814459e-16,8.739832894835253e-15,2.3426004333127075e-08,4.9204540201003e-07,0.005178051784177636,0.1285880136193223,1.0,31.613884131024797,0.8901144478460087,23.053766102948053
0.049944086345219796,1.6770677621683998e-15,4.464025104174175e-14,5.232760494366541e-07,1.288637164309014e-05,0.0052191724794851835,0.13956703028623296,1.0,31.59332012393902,0.7533382631088714,18.667134365389366
0.05128847423784011,5.983415243770278e-16,1.648625736022906e-14,6.884941005435271e-07,1.8760845911569433e-05,0.001596055892927409,0.05527218493256178,1.0,22.837500736547558,0.7515489330460399,18.6537506628928
0.05264973937565193,1.6736244904329696e-15,4.4215707234880946e-14,3.9896600942688935e-08,1.2856124624891252e-06,0.0015765579544196931,0.03887458235502268,1.0,22.822448507061125,0.7497383965917279,18.640203656355013
0.05402783055780519,1.3136141375604164e-15,3.09899172529315e-14,1.2886475741258018e-06,3.414500310680755e-05,0.0020964961994990056,0.047531525997685856,1.0,22.807215592585123,0.7479067687621407,18.626494033326612
0.05542269595057664,4.77171578365861e-16,1.6330788795630488e-14,8.966865125319171e-08,3.515970950907185e-06,0.002629516471909694,0.07640210933895261,1.0,22.791802765827477,0.7460541657977299,18.61262248924473
0.05683428308932015,7.149893826336412e-16,1.607733966785908e-14,1.4239963871370402e-07,3.566264439025091e-06,0.003699663313413856,0.08450598115899235,1.0,22.776210808204226,0.6100129586013638,12.065726484922534
0.05826253888043931,3.5710644809987774e-16,9.905166252778868e-15,7.972358933164995e-07,1.8231799689786693e-05,0.0062123388001539175,0.1475232300081541,1.0,22.760440509784253,0.6082644665942106,12.056264305870553
0.059707409603385164,1.1890465956232645e-15,2.558971060538527e-14,4.951989614016106e-07,1.1431960716167326e-05,0.0045835366559715774,0.1084594895839192,1.0,22.744492669232436,0.6064969414925272,12.046695601539463
0.06116884091267605,1.1877243596090546e-15,2.4243951217941923e-14,5.023107187196329e-07,1.1260594515354827e-05,0.0024216926813192038,0.04026684159791905,1.0,22.728368093753577,0.47098462042240485,12.037020856252145
0.06264677783994216,2.0168599441387207e-15,4.459468911723202e-14,5.950921325190536e-09,5.5664281995907e-07,0.00027134124763405825,0.009280899838976965,1.0,22.712067599034512,0.46932980326026225,12.027240559420708
0.06414116479599313,8.29526745855164e-16,1.6017818944678888e-14,2.1338025862659015e-08,2.906430043948195e-08,0.008705529382158288,0.18429658949837277,1.0,22.69559200918614,0.4676578492428193,12.017355205511683
0.06565194557290821,3.5510233873276025e-16,8.905330470791445e-15,9.41364901195474e-09,3.0702141343844505e-07,0.0009963602869511804,0.031963251841379714,1.0,22.67894215668512,0.46596886369564644,12.007365294011073
0.06717906334615109,2.009904985819973e-15,3.8720150863953726e-14,5.025511176620794e-07,1.0278988817234079e-05,0.0047587742019981885,0.10305289002916694,1.0,22.66211888231446,0.1980333250985351,4.957082692636477
0.06872246067670734,1.180906059059276e-16,1.0813911283987396e-15,7.911577095055067e-09,5.825773235345113e-07,0.0023801961865339803,0.044208083920039803,1.0,22.64512303510366,0.1966238196962561,4.9524088346535065
0.07028207951324411,1.6513022057022556e-15,3.121541038314427e-14,4.2672195692583e-07,9.346704749988205e-06,0.0014057131220175606,0.02684760899924423,1.0,22.62795547226856,0.195200642580193,4.947687754873854
0.07185786119429388,2.356167375763522e-16,5.518299066147994e-15,5.075684808879271e-07,1.0005250471237855e-05,0.005196764170832833,0.09199531350590852,1.0,16.12743194140534,0.1937638829950006,4.942919691266384
0.07344974645046148,1.176652485007478e-15,2.0976520615512127e-14,1.4218793648156897e-07,2.0594691459529728e-06,0.00083965374110281,0.021666127949730947,1.0,16.11517606840799,0.19231363093045548,4.938104884017425
0.07505767540665242,3.5256241692388843e-16,6.826759032908254e-15,6.109982516766034e-07,1.1315250229404272e-05,0.004006985288329278,0.07556441095286998,1.0,16.102801828580805,0.19084997711244905,2.775700457145201
0.0766815875843258,5.868752461749487e-16,1.2565207078540218e-14,1.004149326926512e-07,2.6519659018399992e-06,0.005598363416726092,0.09472113827040024,1.0,16.090309844465825,0.18937301299391013,2.772577461116456
0.0783214219037684,2.344559767556879e-16,2.7500788718867613e-15,4.2487726193128016e-07,7.516106935073401e-06,0.0012449901510764247,0.019658961455273273,1.0,16.07770074411841,0.1878828307456643,2.769425186029602
0.0799771166863924,7.024777934148723e-16,1.2663579447550438e-14,1.3065741713097086e-07,1.867117459041983e-06,0.0046121744163785915,0.07817135290527549,1.0,16.064975161062407,0.18637952324722515,2.7662437902656016
0.08164860965705534,1e-18,1.1936589601068648e-16,8.086552345651117e-07,1.379146202537626e-05,0.0007859519693448756,0.011993732985158125,1.0,16.052133734245242,0.18486318407752414,2.7630334335613105
0.08333583794640231,1e-18,9.541051826690794e-16,8.787191955405948e-08,2.1689845505340585e-06,0.002546782747780085,0.04065734452626933,1.0,16.039177107992536,0.05185236222717911,1.1484538725703626
0.08503873809323037,4.665075391589848e-16,5.838815071642403e-15,2.658629766207894e-07,3.0138050866151495e-06,0.005343708950924037,0.08691907445904486,1.0,16.026105931962263,0.05048158976096553,1.1465865617088948
0.08675724604687629,9.317875242744923e-16,1.55961960235687e-14,3.884109873283762e-07,6.855287968788759e-06,7.705166493777798e-05,0.0030482240676521924,1.0,16.012920861098884,0.0490994867777702,1.1447029801569835
0.08849129716962478,1e-18,9.515957898227977e-16,2.527642891399116e-07,4.404036989092386e-06,0.0016643651817103747,0.023272241864089886,1.0,15.999622555586495,0.047706138862177144,1.1428032222266422
0.0902408262391402,9.293025301979239e-16,1.2359684821664661e-14,7.817923269426526e-07,1.2123861253279547e-05,0.003897806264974811,0.055286041557612756,1.0,15.986211680802315,0.08448607184384994,1.0
0.0920057674509196,5.80028277331618e-16,1.0567493806575734e-14,1.0556573855561942e-06,1.6281684520826905e-05,0.0015419889525614102,0.018775025922189683,1.0,15.97268890726928,0.08572470322074095,1.0
0.09378605442076793,1e-18,2.3725553126271003e-16,3.5107050667696684e-08,1.7289832015793591e-06,0.0008671582465351915,0.012364294580701955,1.0,15.959054910608618,0.08697294624058698,1.0
0.09558162018729466,5.784384247567366e-16,7.466682458069719e-15,4.753110387576961e-07,7.394261762920877e-06,0.0013180441422484936,0.015397063464915995,1.0,15.945310371491823,0.08823072403307454,1.0
0.09739239721443271,5.776344740616428e-16,9.354303221479156e-15,3.404565711643998e-07,5.7587735696831795e-06,0.001450626292707661,0.024350373325550127,1.0,15.93145597559236,0.08949795925087158,1.0
0.0992183173939783,2.307298291277756e-16,3.667243214018471e-15,4.550757147082908e-07,6.686377327133419e-06,0.00502731013702369,0.07390009430467472,1.0,15.917492413537284,0.15571924735747447,2.4651108620438404
0.10105931204815305,1e-18,1e-18,5.87647739849604e-07,8.836636585247562e-06,0.0039011851561987147,0.06125916546352858,1.0,15.903420380858089,0.15691331236007866,2.4637287874057052
0.10291531193218678,3.45112270574999e-16,6.494076957034027e-15,7.56112549879476e-08,1.1118208331239965e-06,0.0032983198143795465,0.040341915874860655,1.590412488604252,20.27034368277365,0.15811594120361805,2.462336128190689
0.10478624723692254,1.4933351260189683e-15,1.8165967708958573e-14,4.186905208684604e-07,5.578068617159027e-06,0.002340812641477181,0.028256077468626746,1.586685968107038,20.249933871400074,0.15932706036521269,2.460932953658755
0.10667204759144167,6.88231751863546e-16,9.192041714931365e-15,1.559104228783346e-07,1.6531030324837762e-06,0.0024001886520727796,0.032444074007672165,1.582933551031008,20.22937212417382,0.16054659591492243,2.4595193335369503
0.10857264206571071,1.7180626695199056e-15,2.1898098112245906e-14,2.8671480763130178e-08,7.018743620748621e-07,0.002445190918979383,0.02522328454142397,1.579155466083002,20.20865946202865,0.16177447352302426,2.45809533801447
0.1104879591732501,9.149488076252049e-16,1.1173510487361518e-14,5.683751614490851e-07,7.459302597539271e-06,0.00146986696608263,0.016455589188402196,1.57535194317747,20.187796912548066,0.1630106184673222,2.4566610377376796
0.11241792687382207,1e-18,1.2924918946711873e-15,2.3958211029380964e-07,3.062850980195759e-06,0.0004832502188431413,0.0010889553070566277,1.571523213413894,20.166785509892893,0.16425495564048445,2.4552165038051363
0.11436247257614018,1e-18,1.2911998650389324e-15,3.5238524693325323e-07,4.609160168146112e-06,0.0005145836826458479,0.009831268718552296,1.567669509054116,20.14562629472789,0.2296991472837652,3.378882958156888
0.11632152314060068,3.4156558428305447e-16,4.5732778245032815e-15,4.846718376760763e-07,5.800654311029957e-06,0.003984586389973494,0.04951151951396688,1.563791063499583,20.124320314148445,0.23086268095012505,3.3764860353417
0.11829500488203248,9.094549509102407e-16,1.0308711876912789e-14,2.9788855212103504e-07,3.1641474805060765e-06,0.0029561623446536602,0.03041350691437857,1.0479104890148063,13.77200803512453,0.23203356661944766,3.3740727199307283
0.12028284357246916,2.270149302295139e-16,1.2872702628574446e-15,2.539621428567986e-07,2.990036632853917e-06,0.001417488530024868,0.019580087412406473,1.044768710378356,13.756890593785219,0.23321173360811656,3.371643131144053
0.12228496444394071,4.533279760991246e-16,5.611386647549178e-15,3.334824294886944e-07,4.238680326925943e-06,0.00013060188020092594,0.007178785163614089,1.0416077042366385,13.74167264204498,0.403605296662689,4.7913713950891
0.12430129219128605,9.052437292097247e-16,9.692940570971843e-15,6.271239375855676e-07,6.801664276564854e-06,0.0021856787470056296,0.02567329440276332,1.038427660774197,13.726354930355283,0.40141901678226044,4.7853537226395755
0.12633175097498478,5.648894604846309e-16,7.349590043263235e-15,4.825791314763262e-07,5.661909623363938e-06,0.0017141607242409562,0.022048999759596594,1.0352287709952832,13.710938213407205,0.39921978005925723,4.779297155267117
0.12837626442401046,2.255985650185021e-16,3.2630394497697315e-15,5.838411938148856e-07,6.209137872995198e-06,0.0008616673377799741,0.005680765026796537,1.0320112267052894,13.695423250078191,0.3970077183598866,4.773201991102146
0.1304347556387026,5.630982403948355e-16,5.704252382868197e-15,1.5938728659379834e-07,1.8104173227717048e-06,0.0034434219652913814,0.03848058423741171,1.0287752204921305,13.679810803378556,0.3947829640883397,4.767068529898719
0.1325071471936597,8.995119963140288e-16,8.605366589066978e-15,4.8354565470110296e-08,4.0762797138291046e-07,0.00039767411289676294,0.003963152905306507,1.0255209457075753,13.664101640397835,0.39254565017395815,4.760897073013435
0.13459336114065035,3.3677204299396076e-16,4.530372622742999e-15,5.776391358267974e-07,5.792439810359372e-06,0.0027311766081487884,0.027403889730612082,1.0222485964485364,13.648296532250678,0.13751483550230173,1.877343961692097
0.1366933190115463,3.3622410981009773e-16,3.94526849790191e-15,5.7398546874203836e-08,6.249047798803633e-07,0.00037901138484041,0.004841912132243377,1.0189583675383105,13.632396254022726,0.13566408174029965,1.8742206927544645
0.13880694182127312,2.2378215441907012e-16,1.50683608924822e-15,5.012697377261882e-08,1.1663187289265294e-06,0.0030010203045004037,0.03039914152728202,1.0156504545077818,13.616401584715968,0.13380338066062739,1.8710788827120648
0.1409341500707808,1.1170648037553902e-16,6.946973143023447e-16,3.1176476586771903e-07,3.365618910918497e-06,0.0007155373596725076,0.009060766748051362,0.5092437901824415,4.214397609712206,0.13193284263683114,1.8679186853417136
0.1430748637500351,3.3456277109282464e-16,3.585291575149024e-15,6.81619982918518e-07,6.7751157382599526e-06,0.0010578613514401558,0.010695825109857502,0.5067367712256855,4.20861864575991,0.13005257841926415,1.8647402551679504
0.14522900234102543,2.226688362828859e-16,2.4260358851733145e-15,1.4127368251103468e-07,7.695072730509945e-07,0.0020852513821008833,0.020917116239265173,0.5042169321659402,4.202806813549519,0.12816269912445513,1.8615437474522358
0.1473964848207946,2.2229394941565773e-16,2.077123431931733e-15,3.696947056222618e-07,3.191409529767917e-06,0.00014528862640499174,0.002223821103361226,0.5016844216326081,4.196962396694599,0.12626331622445605,1.8583293181820295
0.14957722966448556,2.2191720886316902e-16,3.2274271931209177e-15,3.157324133163515e-07,2.8966692347955754e-06,0.00040226134946309323,0.0017173148335039867,0.49913938871490277,4.191085680108847,0.12435454153617706,0.8168799880380962
0.15177115484840814,1e-18,3.4540217019781733e-16,4.273499222519549e-07,3.7339807570561474e-06,0.002278678034927555,0.022209307575850323,0.4965819829476087,4.185176949986169,0.1224364872107065,0.8148119324951593
0.1539781778531238,4.4231651061727276e-16,5.40510114905164e-15,6.447694373312378e-08,7.644257831296591e-08,0.0020464352157922435,0.018777461139222774,0.49401235429682566,4.179236493780597,0.12050926572261923,0.8127327728232091
0.15619821566655,6.623282603016347e-16,6.547564317629697e-15,1.914014124806866e-07,1.432032219983678e-06,0.0018289639103027072,0.0158672420739493,0.49143065314569556,4.173264600186222,0.11857298985927167,0.8106426100651775
0.158431184787082,2.2039215345753768e-16,2.2947251028768623e-16,1.276014328849424e-07,9.685406403667758e-07,0.000656915222131765,0.008430765267102831,0.4888370302801218,4.16726155911698,0.11662777271009138,0.8085415456909433
0.16067700122673373,4.4001295551583347e-16,3.4380682712019272e-15,5.403562458922216e-07,5.434145769853032e-06,0.0004705202530395383,0.0020282451035981974,0.4862316368744736,4.161227661686442,0.11467372765585523,0.8064296815902545
0.16293558051429702,2.196190821020382e-16,1.9459494993864608e-15,3.721765419069293e-08,2.0095175901562454e-07,0.00029873936589224425,0.0011871299636811421,0.48361462447728454,4.155163200187452,0.11271096835796342,0.8043071200656082
0.16520683769851835,4.3845997795372216e-16,3.772965483292293e-15,7.55501232967719e-08,9.80223392308667e-07,0.00014151538943277134,0.0008594681583347954,0.4809861449969443,4.149068468071793,0.01267590333537045,0.0298136936143585
0.1674906873512943,6.565176627614847e-16,4.567851661300978e-15,3.174768354588731e-07,3.3419670990684607e-06,1.2098725220615496e-06,0.0010434435058431283,0.47834635068738585,4.142943759929697,0.01443576620840944,0.0285887519859393
0.16978704357088514,8.737872020803229e-16,6.38733965279766e-15,9.626135714198697e-08,7.110853300822741e-07,0.0001294956336285191,0.00173722175546901,0.4756953941337689,4.136789371469345,0.016203070577487412,0.02735787429386908
0.17209581998514517,6.541582512290172e-16,5.923961125504862e-15,9.553481700348607e-08,1.4211204574913933e-06,0.001674610158897563,0.012458629237568427,0.47303342823816846,4.130605599496347,0.01797771450788771,0.026121119899269334
0.17441692975477163,4.3531418653623473e-16,2.844609404635841e-15,2.4757843564539477e-08,3.2228050414748196e-07,0.0015715414895286267,0.01365448298133135,0.47036060620525794,4.124392741893033,0.019759595863161374,0.02487854837860649
0.17675028557657135,4.3451970363387747e-16,2.9547903798730884e-15,2.1402692050265412e-07,1.990551908361418e-06,0.002339361017495977,0.013134011213946218,0.46767708152800175,4.118151097597834,0.02154861231466551,0.023630219519566776
0.17909579968674394,4.3372209763643585e-16,5.334808271350527e-15,2.2677136063577888e-07,1.6348817281390095e-06,0.0014532281067834243,0.010395222301472752,0.46498300797335174,4.111880966584526,0.023344661351098833,0.022376193316905234
0.18145338386418275,4.3292141414495774e-16,3.5143679554280303e-15,2.94426219384714e-07,1.9354434603217965e-06,0.0022995381072808104,0.01926942653924531,0.46227853956795484,4.105582649841448,0.14700418525202635,1.0
0.18382294943379396,2.160588494165728e-16,1.132262383707481e-15,7.307831124407801e-08,6.449350668940504e-07,0.0013010508179425956,0.008533243099890012,0.45956383058386313,4.099256449350641,0.1485877654927465,1.0
0.186204407269831,6.469664961646987e-16,4.5234062434103e-15,7.529451247041336e-08,2.926185154784867e-07,0.001268551818325389,0.011758046733483392,0.4568390355242661,4.092902668067,0.15017722927751145,1.0
0.18859766779924692,1.0762533894531497e-15,5.986003810955117e-15,6.231043453448493e-08,2.449389593520076e-07,0.0006433950055063184,0.004886056330302076,0.4541043091092315,4.086521609897328,0.1517724863529483,1.0
0.19100264100506398,1e-18,1.128011812774189e-16,1.325108585463656e-08,4.1244872197675436e-08,0.0025343453407624607,0.014534401410574388,0.45135980626146194,4.080113579679355,0.1533734463474805,1.0
0.19341923642975895,4.288734351630537e-16,3.943040580947646e-15,3.458736879179784e-07,2.9543344709002246e-06,0.0021973882464745315,0.010533522492970484,0.4486056820920748,4.073678883160732,0.15498001877962306,1.0
0.19584736317866558,2.1402762405126394e-16,1.800237408736645e-15,1.1854436192708464e-08,5.62655512692211e-07,0.00033574115667062046,0.0014017993318767375,0.4458420918863973,4.0672178269779895,0.2168355335615348,1.6967424512094735
0.19828692992339375,8.544686091067105e-16,7.079360104223655e-15,4.149260260266167e-08,1.2407384213831816e-07,0.001313443926794063,0.011081819532275803,0.4430691910897877,4.060730718635431,0.21833752149303168,1.6958504738123716
0.2007378449052638,2.1320532528989736e-16,1.9078450759264143e-15,7.99879139792205e-08,7.481049446825842e-07,0.0004257251153317359,0.0034701296453870166,0.44028713529348074,4.05421786648402,0.21984446838269794,1.6949549566415527
0.2032000159387587,6.383764984276656e-16,4.707402075863276e-15,2.2341490513791983e-07,1.9304718928133643e-06,0.0023627464094996384,0.01905445667935063,0.19791340018371525,1.523839789850113,0.2213562898805851,1.694055942208781
0.20567335041499096,1e-18,3.3580579438906573e-16,1.5183577032669425e-07,4.6385249812671594e-07,0.0015037641605247056,0.007530254372861066,0.1955801514261257,1.5205580841324164,0.22287290157301828,1.6931534731364144
0.20815775530518538,6.358858309731236e-16,4.024403165068302e-15,2.848382410763407e-07,1.6215998654501566e-06,0.0002704363263188417,0.00194416756135507,0.19323966309197402,1.5172639714708682,0.2243942189902169,1.6922475921544886
0.21065313716417955,6.34634779506656e-16,3.237622197947857e-15,1.72674357955319e-07,1.4462517240533066e-06,0.001093642316642375,0.008529087122778533,0.1908920652093887,1.5139576076283476,0.22592015761389733,1.6913383420977957
0.21315940213393675,1e-18,1.1149477557817067e-16,8.815127475842923e-08,2.657661718180903e-07,0.0018999604774517828,0.011120688417543562,0.1885374878694516,1.5106391487380324,0.22745063288485645,1.6904257659029591
0.21567645594707785,4.2141439181426745e-16,2.7836719055293834e-15,3.7223927462117786e-08,2.854322588577637e-07,9.064839803719419e-05,0.0029530043687344943,0.18617606121456198,1.5073087512927696,0.2289855602105347,1.689509906605512
0.21820420393042606,2.1028652871046044e-16,1.3343814438121677e-15,2.5120845942218304e-07,1.7881657174442172e-06,0.00023722142468418015,0.0008586510018362658,0.18380791542683095,1.5039665721344093,0.2305248549725599,1.6885908073369627
0.22074255100856777,6.29594073258052e-16,3.664633989980365e-15,1.7047982438629697e-07,1.1797623070188165e-06,0.0005262249192985726,0.007082720415973986,0.18143318071651493,1.5006127684431556,0.2320684325342653,1.6876685113218677
0.22329140170742912,2.0944170616674278e-16,6.654004008393513e-16,2.514927603577535e-07,1.3152097048547754e-06,0.0012730548488213561,0.004751922913557775,0.1790519873104796,1.4972474977269008,0.23361620824818827,1.6867430618748978
0.2258506601578667,1e-18,1.5505016315019485e-15,2.7332878600116733e-07,1.8230967196737753e-06,0.0010840647382261703,0.005341713742375288,0.1766644654407066,1.4938709178105434,0.2351680974635407,1.6858145023978994
0.22842023009927342,1e-18,4.423986842328499e-16,2.0753577788615332e-07,1.1695982921312598e-06,0.00179972961207501,0.011758794647788545,0.17427074533283518,1.4904831868253257,0.05684367079955166,0.12071743407139654
0.23100001488319943,2.0816609897074069e-16,1.7671797985472447e-15,1.5671521972128872e-07,1.1151177754710743e-06,0.0015834587273852558,0.00843502843736977,0.1718709571947469,1.4870844631981375,0.054683861475272225,0.11918800843916183
0.23358991747698699,1e-18,6.617839358222835e-16,1.9731257964479062e-07,1.4235450814613703e-06,0.0004409595075681746,0.0022016318464823923,0.16946523120519386,1.483674905640847,0.052518708084674466,0.11765370753838114
0.23618984046742003,1e-18,2.2029086760429852e-16,1.8444399274279737e-07,1.5107437546057356e-06,0.0011132498888371813,0.007603460962964603,0.6338751765034574,3.9605093462792103,0.050348327752222616,0.11611460291282233
0.238799686064389,1e-18,6.599584678597118e-16,3.3099485774943134e-08,2.747626524691374e-07,0.0008594803050300223,0.007177228854249415,0.6304910806423761,3.9536478498883354,0.04817283755581326,0.11457076622487543
0.24141935610456777,4.1290126064578884e-16,2.1968052448759405e-15,1.531496537581948e-07,1.1280773378927997e-06,0.0003145986780829781,0.0019513852985948172,0.6270992181370348,3.9467656411144185,0.045992354516665224,0.11302226925074421
0.24404875205510668,4.1203859902862063e-16,1.974365886560103e-15,3.22089606630158e-08,1.5675544492474316e-07,0.0003150374396987928,0.0014800458879441424,0.6236997709166126,3.939863039447278,0.0721715594762214,0.13552396809672645
0.2466877750173384,4.111740588112396e-16,1.314399353315525e-15,1.866572802847001e-07,1.5115695244006017e-06,0.0008796442667880963,0.0047407427969601455,0.620292920790874,3.932940364839849,0.07411833097664344,0.1367354361530264
0.24933632573049758,1e-18,1e-18,3.661305160782434e-08,2.3564875795365215e-07,0.001180308970892945,0.006141431712792527,0.6168788494346521,3.9259979376868364,0.07606922889448453,0.1379503609048036
0.25199430457545474,2.0471976347436351e-16,6.55347253637922e-16,1.7934807712563072e-07,1.6029627333013785e-06,0.0003077831092336525,0.002061451209358901,0.6134577383724092,3.919036078803373,0.07802414950148041,0.1391686862094098
0.2546616115784627,2.0428481369537203e-16,1.9632516050475472e-15,1.5531131643949807e-07,7.368169224898714e-07,2.057318321423717e-05,0.000639351388293053,0.6100297689628752,3.9120551094037013,0.07998298916407132,0.14039035585435228
0.25733814641491704,4.0769803339906907e-16,1.7426257241055008e-15,1.9551244604390353e-08,1.1656207557214478e-07,0.001257273250271032,0.006534687681677043,0.6065951223837651,3.905055351079859,0.08194564435213424,0.14161531356102472
0.2600238084131302,2.0341239545025996e-16,2.392681980704495e-15,1.530305823598889e-07,9.807479874284747e-07,0.0019712372603617723,0.012133452944464064,0.6031539796165788,3.8980371257803936,0.08391201164766923,0.14284350298843118
0.26271849655811697,4.0594994576828685e-16,2.8236528593187653e-15,1.9263426756048016e-07,7.257774988800682e-07,0.0016019626373493896,0.005903085126154115,0.5997065214314885,3.8910007557890873,0.08588198775343514,0.1440748677369097
0.26542210949539446,2.0253677190905914e-16,8.675631881700464e-16,1.790865155827764e-07,6.974073793788407e-07,0.000330378661887409,0.0034983955109998553,0.5962529283723084,3.8839465637037254,0.08785546950153811,0.14530935135184803
0.2681345455347945,4.041956308045297e-16,2.1657675086283394e-15,2.8383571238251244e-07,1.4992900061339597e-06,0.001717712106993438,0.006807957059083102,0.5927933807415547,3.8768748724148585,0.25148051343979305,1.6822811798281723
0.2708557026542882,8.066325048340715e-16,3.676453012532769e-15,2.051990148293987e-07,7.726938114557673e-07,0.00046165065515080397,0.0003622868468870633,0.5893280585855987,3.8697860050846224,0.24875776031725613,1.6783823027965423
0.27358547850382336,2.012177271382028e-16,1.7275710764599078e-15,1.159325659759508e-07,7.176897957383748e-07,0.002644531990369437,0.011318324840683147,0.5858571416799094,3.8626802851255544,0.24603061131992887,1.674474156819055
0.27632377040917394,6.023299228964142e-16,3.234451397502117e-15,1.6422193805303508e-07,7.781775054855889e-07,0.0012987189951002688,0.007076315648448991,0.5823808095143946,3.855558036179504,0.24329920747559577,1.6705569198987273
0.2790704753758024,2.0033489042639465e-16,1.291878492740877e-15,2.840785627899604e-08,2.833248945927355e-07,0.0017339060441292613,0.010429987638512219,0.5788992412788353,3.848419582096476,0.2405636895762277,1.6666307701530618
0.28182549009273294,1e-18,1e-18,2.5543468394153075e-07,9.8684235099437e-07,0.00045734198409963327,0.0032387552686255062,0.12529472560601715,0.45237957407408935,0.23782419816661887,1.6626958858024972
0.28458871093643806,1.994494869920872e-16,1.2880617518809141e-15,8.172595687312347e-08,2.7784778654422966e-07,0.0017599189767978846,0.008632788559386935,0.12280079412100062,0.45022860645026824,0.23508087353310067,1.6587524451588251
0.2873600339747354,1e-18,8.574315000598636e-16,6.986239624491807e-08,1.5228793285114983e-08,0.0003960206366060305,0.004035038119158549,0.1203035051748519,0.4480730690619977,0.23233385569233708,1.6548006266136623
0.2901393549706974,5.956850936784548e-16,2.9965338106418755e-15,1.0063743418155304e-07,2.868281350201512e-08,0.0016562693068860573,0.007244123306398705,0.11780298580018671,0.44591305925105457,0.22958328438020537,1.6508406086269334
0.29292656938657147,3.9623393020502994e-16,2.137177360106744e-15,1.2613983543090903e-07,2.426281073916072e-07,0.0005872116479057154,0.004602964727062921,0.11529936276432493,0.44374867439020904,0.2268292990407574,1.6468725697153832
0.2957215723877128,1e-18,8.535868378801182e-16,2.6911014481392026e-07,1.5003197458933953e-06,0.0002252523880975603,0.0004715447010759974,0.11279276255933489,0.44158001187697254,0.22407203881526838,1.6428966884411162
0.2985242588465262,5.916778061590262e-16,2.1307506413009583e-15,3.314718126220868e-07,1.6244499094793283e-06,0.0024798374211067314,0.01134468526733643,0.11028331139215947,0.4394071691273661,0.22131164253137542,0.9192095588364881
0.3013345233464215,1e-18,4.255056288263177e-16,5.2962995341678835e-08,4.5869230570498095e-07,0.0004096397445994183,0.0016115430411075143,0.10777113517481623,0.43723024356968965,0.21854824869229786,0.9163069914262528
0.30415226018577773,1e-18,1e-18,5.747581474286545e-08,2.6844432621358524e-07,0.0009518687824265319,0.004060814718452189,0.10525635951468802,0.4350493326383278,0.2157819954661568,0.9133991101844371
0.3069773633819191,1e-18,1e-18,1.2125633632893673e-07,9.135949935601326e-07,0.0010803480289713694,0.005617166276975389,0.10273910970489102,0.4328645337675642,0.2130130206753801,0.9104860450234189
0.3098097266751014,3.9087649053994097e-16,1.4824780826184168e-15,2.3175093234662667e-07,1.4585248779812566e-06,0.0005121175562060982,0.0022183047908184397,0.10021951071472836,0.43067594438540624,0.21024146178620118,0.9075679258472084
0.31264924353250834,1e-18,1e-18,6.178049608812271e-08,2.9173265274243774e-07,0.0017811657204760683,0.01140746575025074,0.0976976871802325,0.4284836619074458,0.20746745589825574,0.904644882543261
0.3154958071522591,1.945419404938049e-16,8.445320198610304e-16,1.758790905320293e-08,1.1854472626296632e-07,0.001509545404905143,0.008284275374733181,0.09517376339479128,0.4262877837307208,0.2046911397342704,0.9017170449742944
0.31834931046742504,1.9409325050287856e-16,8.43229727363128e-16,1.883803569322367e-07,7.97831450352208e-07,0.0003979313092639057,0.004250684008815671,0.09264786329986524,0.4240884072276156,0.20191264962985178,0.8987845429701541
0.3212096461500569,1.936442314011429e-16,1.0524067763471487e-15,1.4201204176627847e-07,7.198389950942725e-07,0.0023995078359427594,0.00809469452252603,0.09012011047579162,0.42188562973976124,0.1991321215233708,0.8958475063196817
0.3240767066152215,5.795847152253318e-16,2.3117026862072893e-15,3.1781190347881904e-08,8.954199790028663e-08,7.356977513128038e-05,0.0019092647474132968,0.08759062813268313,0.4196795485719805,0.19634969094595145,0.8929060647626407
0.3269503840250487,1.9274529334392834e-16,6.2948324818734075e-16,6.562949617960224e-08,1.2408019703941756e-07,0.0005584401558053111,0.0014955583417250798,0.08505953910141578,0.4174702609862387,0.19356549301155734,0.8899603479816516
0.3298305702927872,3.8459083591558495e-16,1.2570014932894414e-15,2.5237662139444465e-09,1.2050108975457854e-07,0.0011997291882949609,0.00581820607612287,0.08252696582470995,0.4152578641956212,0.08252696582470995,0.4152578641956212
0.3327171570868697,1.9184530059638198e-16,8.3668920997957e-16,1.744300173949312e-07,7.27355591073025e-07,0.0010064469278146908,0.002774725515338333,0.07999303034830844,0.4130424553583398,0.07999303034830844,0.4130424553583398
0.3356100358349885,1e-18,2.0884392460903385e-16,4.7633462150728344e-08,3.4622297484143684e-07,1.5571033554399487e-05,0.0002522651573186204,0.07745785431224717,0.4108241315717552,0.07745785431224717,0.4108241315717552
0.3385090977281776,1.9094442630457997e-16,1.4596059071118471e-15,1.1779261985739008e-07,6.346888618517706e-07,0.00018091929702285505,0.001428688108167534,0.0749215589422244,0.40860298986643345,0.0749215589422244,0.40860298986643345
0.3414142337249074,1e-18,2.0818593178265568e-16,5.6974783100257016e-08,4.4522441971968335e-07,0.00033344723361943007,0.0016788835657826854,0.07238426504106606,0.4063791272002214,0.07238426504106606,0.4063791272002214
0.34432533455518394,1e-18,4.157126910715763e-16,5.2325547695344526e-08,1.3541469825722912e-07,0.00036255687153977925,0.0017352321784053534,0.06984609298029187,0.4041526404523529,0.06984609298029187,0.4041526404523529
0.3472422907246603,1.8959183781884163e-16,6.225791555259155e-16,2.7386907453954175e-08,9.267413454284839e-08,0.0002333686973107856,0.0014945004551902273,0.0673071626917783,0.4019236264175757,0.0673071626917783,0.4019236264175757
0.3501649925187542,3.782814394737695e-16,1.4503724551143642e-15,1.0889409514088979e-07,6.527326796983878e-07,0.0007151681034460682,0.001472466014680341,0.06476759365952699,0.39969218180031757,0.06476759365952699,0.39969218180031757
0.35309333000677534,1e-18,2.0686539935978488e-16,1.304233975972559e-07,2.931155956292002e-07,1.2387954381931713e-05,0.0016938163626036948,0.062227504911527905,0.397458403208864,0.062227504911527905,0.397458403208864
0.35602719304605934,1e-18,2.0653440249145934e-16,1.4570299726382876e-08,9.82224427379363e-08,0.0007482600631535473,0.002633996686037753,0.05968701501173443,0.3952223871495865,0.05968701501173443,0.3952223871495865
0.35896647128611103,1e-18,2.0620308868123437e-16,4.056185079669842e-08,2.594112651911226e-07,0.0006664430600926601,0.002420147771291308,0.05714624205213339,0.39298423002117866,0.05714624205213339,0.39298423002117866
0.36191105417275515,1e-18,6.17614416546592e-16,8.182246605089134e-08,6.347352182923044e-07,0.0002272176757331764,0.0004027297967001115,0.0546053036449246,0.390744028108939,0.16006583400941707,0.5066393637846839
0.3648608309522943,1e-18,2.055395672298065e-16,1.2150563063733406e-08,3.10219704232759e-07,0.0005388989309346745,0.0011103029134914824,0.052064316914805606,0.3885018775790743,0.15727074860628618,0.5042103673773305
0.36781569067567477,1e-18,1e-18,5.9895101883976855e-09,1.400132485457282e-07,0.0003269891870789456,0.000885405462632897,0.04952339849136152,0.3862578744730425,0.15447573834049766,0.5017793640124627
0.3707755222026595,1e-18,4.0974989762726064e-16,3.5552595906921824e-08,9.232726281877077e-08,0.00035921772297750143,0.0001650047650610873,0.046982664501562715,0.38401211470192237,0.151680930951719,0.49934645759374924
0.3737402142060087,1.8553020996179208e-16,1.0227113186255006e-15,2.714797365191989e-08,8.455362759315105e-08,0.0003798239605207939,0.0005595214327157913,0.044442230562370816,0.38176469404081775,0.1488864536186079,0.4969117518775526
0.37670965517566696,3.7015802397400444e-16,1.0210467346603734e-15,8.772799877539848e-08,2.3585674601781532e-07,0.0004250655798430919,0.0003899849340961826,0.041902211773453456,0.3795157081232958,0.1460924329507988,0.49447535046690383
0.3796837334229572,1e-18,6.116286377081881e-16,4.733009186267635e-08,7.583013379890615e-08,0.0004253815187346748,0.0020206862232343597,0.03936272271000781,0.37726525243585984,0.1432989949810086,0.49203735680551486
0.382662337084782,1e-18,2.0354287474932313e-16,1.3223967198272e-07,6.990354845027088e-07,0.00043698067892889423,0.001862001381256934,0.036823877415697745,0.3750134223124568,0.14050626515726752,0.4895978741718282
0.385645354127831,1e-18,2.0320934756072395e-16,9.490186088613459e-10,1.2165462541690324e-07,0.0004597488418154438,0.001710110975447927,0.03428578939569622,0.372760312929017,0.13771436833526585,0.4871570056731018
0.38863267235279453,1e-18,1e-18,2.0872712442388025e-08,3.432466686354756e-07,0.0004935712529609881,0.0024572073078101093,0.031748571609846725,0.3705060192980355,0.13492342877083138,0.4847148542395384
0.39162417939858407,1e-18,1e-18,5.973415268428287e-08,3.4697476751116207e-07,0.0005383326350372331,0.0032080325660779883,0.029212336465931087,0.36825063626318516,0.029212336465931087,0.08783290915787655
0.3946197627465579,1.823745058638789e-16,8.088310812190789e-16,1.4366443186596073e-08,2.0775053643087418e-07,0.00020817435849894157,0.00048407604538788286,0.026677195813054246,0.3659942584939696,0.026677195813054246,0.08933716100402027
0.3976193097247539,1e-18,4.037472520699043e-16,5.772753421358395e-08,5.413716635973203e-07,0.00013990325697430637,0.0006064954436356583,0.02414326093514169,0.36373698048041203,0.02414326093514169,0.09084201301305864
0.40062270751212714,1.8147450520880978e-16,4.0307872492437335e-16,4.454283691029655e-08,2.278223358403483e-07,6.104305337694865e-05,0.001936694342260465,0.021610642544551074,0.3614788965277868,0.021610642544551074,0.09234740231480881
0.40362984314279315,1e-18,2.012049935183346e-16,8.967479080306889e-08,9.671917197456564e-09,0.0008244447471663916,0.00359255635022374,0.01907945077579842,0.35922010075138217,0.01907945077579842,0.09385326616574521
0.4066406035102772,1.8057551812578542e-16,6.026115993190965e-16,6.516866798812192e-09,1.1542652951772395e-07,0.0006662046297237058,0.0009351943045541518,0.21985975421528223,0.8092809160950811,0.01654979517940186,0.09535954195245944
0.4096548753717687,1.8012645325808288e-16,4.0107199019918813e-16,3.1847670057873305e-09,2.5909153507445927e-08,0.00023789663172754693,0.001613770766454349,0.21682614165900674,0.806267665609807,0.014021784715838937,0.09686616719509651
0.41267254535237985,1.7967769987408068e-16,8.00805573363693e-16,5.502567731547194e-08,3.301704756256817e-07,0.000357935466193892,0.0032796152846335637,0.2137946332995464,0.8032538408984722,0.011495527749621991,0.09837307955076394
0.41569349994941085,1e-18,3.9973348328418814e-16,1.2178312197999974e-07,5.589735525925172e-07,0.0003002863774920125,0.0014296155312594724,0.2107653584521889,0.8002395663661801,0.008971132043490761,0.09988021681690995
0.4187176255366183,1e-18,7.981282151317617e-16,6.664069469210081e-08,4.599092963178595e-07,0.0006278877025717089,0.0031017765994103496,0.20773844570326502,0.7972249661306405,0.00644870475272086,0.10138751693467975
0.4217448083684897,1e-18,1.9919734351065137e-16,4.039395146673403e-08,1.0254451680883106e-07,6.7572929135567095e-06,0.0012697329210460437,0.2047140229034629,0.7942101640155244,0.003928352419552433,0.10289491799223785
0.4247749345845207,1.7788618240070787e-16,3.9772524907807766e-16,3.3835712965820405e-10,1.9601817091519335e-07,0.0009368741439080369,0.002947937871088956,0.2016922171612821,0.7911952835438683,0.0014101809677350922,0.10440235822806587
0.4278078902134991,1e-18,5.955837316434374e-16,9.372275811106985e-08,4.848933990449104e-07,0.0003253181342943482,0.001133577913239776,0.19867315483663067,0.7881804479315427,0.0011057043028077796,0.10590977603422862
0.4308435611777902,1.7699278509987083e-16,5.945796455455808e-16,9.801517249820538e-09,7.645766889209213e-08,0.0002729137838011024,0.0006690993812145067,0.1956569615345669,0.7851657800807729,0.0036191987211942325,0.10741710995961354
0.43388183329762875,1.7654674198107707e-16,1.978585520505366e-16,2.5206674707906072e-08,2.0795107461176675e-07,0.0006949727723662738,0.0018907916249694438,0.19264376209918058,0.782151402573725,0.006130198250682852,0.1089242987131375
0.4369225922954127,1e-18,1.9752393472695582e-16,5.7077490224258107e-08,3.0494146471039986e-07,0.00011908745804799932,0.0009726302167643122,0.18963368060762065,0.779137437666145,0.00863859949364945,0.11043128116692753
0.439965723800002,1e-18,1.9718937674729387e-16,5.546023168072872e-08,8.03585418519878e-09,0.00044385304148745336,0.0008042501964600592,0.1866268403642662,0.776124007281066,0.011144299696444834,0.11193799635946698
0.44301111335101995,1e-18,1.9685489161009527e-16,1.7050637896668947e-08,3.336267172805604e-07,0.0005471985860231441,0.0026249314360550034,0.18362336389504122,0.7731112330025689,0.013647196754132325,0.11344438349871556
0.44605864640315884,1.7476736694009067e-16,3.930409855511768e-16,3.673219448015595e-08,4.970384594589222e-07,5.854038166451994e-06,0.0017262609080067454,0.18062337294187267,0.7700992360696123,0.016147189215106116,0.11495038196519386
0.44910820833048837,1e-18,1.9618619366500634e-16,4.783387847754543e-08,3.432253856970188e-08,0.00024375459094256536,0.0008359067019707509,0.17762698845729466,0.767088137369917,0.018644176285587795,0.11645593131504149
0.4521596844307661,1.7388081057951835e-16,1.9585200765991584e-16,2.442260313075683e-10,1.6647805931162315e-07,0.0002745471508794547,4.6203457413198184e-05,0.1746343305991979,0.764078057433921,0.02113805783400176,0.11796097128303952
0.45521295992975314,1e-18,5.865538443046577e-16,1.2069819350996884e-07,3.2116202194486866e-07,0.0007805472448864737,0.000920142345270569,0.17164551872572076,0.7610691164287922,0.02362873439523271,0.009398622008804385
0.4582679199855298,1.7299653138018587e-16,3.9036805658032833e-16,7.821514730750108e-08,2.437100868731146e-07,0.0005135305196819835,0.0009275547958146028,0.16866067139029015,0.7580614341525114,0.02611610717475822,0.011090443289212331
0.461324449692816,1.725552895144019e-16,1.9485026148435958e-16,9.801274123000815e-08,3.082749195558698e-07,0.0005205490588742838,0.0024979632067359423,0.16567990633680266,0.755055130028011,0.028600078052664454,0.012781489359243819
0.46438243408729263,1.7211466925681086e-16,7.780666436018671e-16,3.281217944227935e-08,2.5928898186689004e-07,4.4848441513896246e-05,7.169321330540783e-05,0.16270334049495433,0.7520503230973905,0.031080549587538066,0.014471693257717853
0.46744175814992617,1.7167468779528893e-16,5.825497191356897e-16,1.0442454157260318e-07,3.636046849484974e-07,0.00041907175639409224,6.552323777057152e-05,0.1597310899757142,0.7490471320161862,0.03355742502023816,0.016160988240895218
0.47050230681129396,1e-18,1.9385001104851517e-16,2.0279446239991085e-08,1.5715241782302944e-07,0.00011824391204464718,5.448087449916084e-05,0.03603060827754733,0.3095342562857892,0.03603060827754733,0.017849307785658113
0.47356396495591363,1.7079670940210764e-16,7.740679519840927e-16,3.024506405635099e-08,1.1350146807626868e-07,0.0005609333627856744,3.863882693560215e-05,0.038500003975701455,0.30728455254312603,0.038500003975701455,0.01953658559265548
0.47662661742657175,1.7035874623449136e-16,5.79552550786025e-16,1.5462155721968688e-08,8.009241014489927e-08,0.00024299549939641772,0.0008315629975267208,0.04096551742379969,0.30503632588078144,0.04096551742379969,0.02122275558941393
0.47969014902865553,1.699214893898409e-16,3.857032216840158e-16,5.727359176094485e-08,1.1189276592446567e-07,8.234303988112517e-05,0.0017034930777880353,0.04342705462709106,0.3027896640888,0.04342705462709106,0.022907751933400014
0.4827544445344859,1.6948495544075408e-16,5.775578480567282e-16,3.51212873578514e-08,5.61814986080416e-08,0.0004149565555331298,0.0025770812671308935,0.04588452229014348,0.30054465464659336,0.04588452229014348,0.024591509015055
0.4858193886876513,1.6904916083506349e-16,1.9218721202902707e-16,2.0800696426289753e-08,7.023373173919604e-08,1.1233138870217757e-05,7.126424315150438e-05,0.04833782781989136,0.29830138471895123,0.04682838939811951,0.19010960265903862
0.48888486620734267,1.686141218953168e-16,7.674216469127476e-16,8.799715065479547e-09,1.0236184243243262e-07,0.00038164045763497797,0.0009537953619125873,0.050786879328559846,0.2960599411521134,0.044134432738584174,0.18805494605610396
0.49195076179268965,1e-18,3.830477891823002e-16,6.028223092197846e-08,3.11392179018664e-07,0.0007155251522466942,0.0018377692664053233,0.05323158563647355,0.2938204104698746,0.041445255799879094,0.1860020429307184
0.4950169601270971,1.6774637567445036e-16,1.9119267337771385e-16,2.0528049783529838e-08,7.700967019268968e-08,0.00039762725894454095,0.0002004928540713255,0.055671856274742616,0.29158287886976153,0.03876095809778312,0.18395097229728138
0.49808334588258335,1e-18,1e-18,2.8045780005167888e-08,1.7095506046617452e-08,2.4819982844114895e-05,0.001091507590551986,0.058107601487828946,0.2893474322192539,0.036081638363388166,0.18190181286764942
0.5011498037241164,3.337636896688445e-16,5.7159350854798805e-16,2.8720713945296085e-08,2.7657743302497385e-08,0.0003794593455785776,0.00030782020175542296,0.06053873223599371,0.2871141560520567,0.03340739454040692,0.17985464304771867
0.5042162183139536,3.3290164928785305e-16,5.706027364224798e-16,9.874478785928904e-11,1.0673008143205989e-07,8.1318984039182e-06,0.0004688998275140943,0.06296516019762592,0.28488313556443284,0.03073832378261148,0.17780954093406343
0.5072824743159787,3.320413107944903e-16,3.797420024688073e-16,1.0235641749509039e-08,3.0357967431795505e-09,0.0003281930102432582,0.00040367045747321015,0.06538679777145155,0.28265445561158503,0.02807452245140329,0.1757665843106196
0.5103484564000407,1.6559135252716166e-16,5.686243479204192e-16,5.016785969057808e-08,5.274791506906195e-08,7.366034527276319e-05,0.001332692419592089,0.06780355807862283,0.28042820070409563,0.025416086113514893,0.17372585064542098
0.513414049246291,1.651629313377801e-16,5.67636806449741e-16,2.211452818345748e-08,1.1749346160523573e-07,0.00048150658704536055,0.001402769527799998,0.07021535496469336,0.278204455004416,0.022763109538837305,0.17168741708738133
0.5164791375495217,1.6473540700419575e-16,5.666504165106798e-16,1.2417440994290524e-08,1.3649724200213925e-07,0.0005538091835688311,0.00018482812330353714,0.07262210300147132,0.2759833023234171,0.020115686698381544,0.16965136046313237
0.5195436060235017,1e-18,1e-18,3.741366985951807e-08,1.5605860030413238e-07,0.0005920322554298231,0.0023834076700931174,0.07502371748875646,0.2737648261169883,0.017473910762367904,0.167617757273906
0.5226073394053138,1.6388310895792531e-16,3.764541595438152e-16,2.412141038782907e-08,1.9440835919353556e-08,0.0002982021487645087,0.0016352695077241758,0.07742011445596148,0.27154910948269956,0.014837874098442373,0.1655866836924746
0.5256702224596893,1.6345836494771215e-16,3.7579901713647233e-16,1.3098075049457064e-08,2.6098824039520454e-08,0.0007053084033172557,0.000759232275088159,0.07981121066361632,0.2693362351565115,0.012207668270022051,0.16355821556013553
0.5287321399833426,1e-18,1.8757237030405976e-16,2.6326657230620454e-08,6.296539112475016e-08,0.0002619465401307723,0.00015816534012361811,0.08219692360475456,0.2671262855095463,0.009583384034769984,0.1615324283837508
0.5317929768093044,1e-18,1.8724567711827696e-16,6.614758664801681e-08,1.2819127807075924e-07,0.0005285445803462851,0.0013944795147223822,0.08457717150618782,0.2649193425449125,0.19004967704195583,0.37032928775698853
0.5348526178112535,1.6218992845124417e-16,7.476777643793921e-16,2.9727376293041923e-08,1.1197999746836843e-07,7.302624360496286e-05,0.0004718416456472353,0.08695187332966166,0.2627154878945885,0.18696256467143985,0.36794177855247084
0.5379109479078464,1.6176909611457906e-16,7.463746970493652e-16,1.3742527530346761e-08,5.6701731953233876e-08,0.0003874476765031406,0.0012718001122996871,0.08932094877289966,0.26051480281635797,0.18388276659523045,0.3655577030510545
0.5409678520670469,3.2269855471492816e-16,1.1176103315609313e-15,6.05605474960006e-08,3.823003514313654e-09,0.0005664931551166058,0.0010832187038839675,0.09168431827053244,0.2583173681908067,0.18081038624830784,0.36317714887337393
0.5440232153104516,1e-18,1.8594359600474833e-16,1.3106766030047047e-08,6.088101255790444e-09,0.0006149742412642704,0.0006623507542639612,0.09404190299491379,0.256123264518372,0.17774552610661207,0.3608002032282363
0.5470769227176154,1.60512736461125e-16,7.424772334235143e-16,1.1573871985553389e-08,1.662970199501319e-07,0.0003204949827195534,4.388059743397862e-05,0.09639362485682355,0.253932571916456,0.17468828768612937,0.358426952909494
0.5501288594303737,1.6009604193348896e-16,7.411821497980647e-16,1.2071102694478295e-07,3.6028470604255506e-07,0.00016402909266003042,7.05930123371592e-05,0.09873940650605975,0.25174537011658527,0.17163877154212234,0.35605748429296735
0.5531789106571623,3.193608324167777e-16,9.248614751538327e-16,4.303043999729481e-08,1.8464301844949047e-08,4.942189324140333e-05,0.00018790587932703307,0.10107917133191784,0.24956173846163845,0.1685970772685068,0.35369188333344165
0.5562269616773352,1.5926587276319267e-16,9.232479639340045e-16,1.0104868789877035e-07,3.710990140866368e-07,0.0004454122050792118,0.0011200782807003133,0.10341284346356089,0.24738175590312547,0.16556330349737083,0.3513302355617193
0.5592728978454797,3.1770484988759125e-16,3.6865488469292386e-16,3.867209435054926e-08,6.630625963478927e-08,0.0002456544213029534,0.0012414210741007738,0.10574034777027798,0.2452055009985237,0.16253754789863864,0.348972626081734
0.5623166045957285,3.1688017192918646e-16,7.360234211195148e-16,5.848758132879685e-08,6.566115670221492e-08,0.000750272298113796,0.002174639971745889,0.10806160986163575,0.24303305190867666,0.15951990717987352,0.34661913956773305
0.5653579674460684,1.5802886890847415e-16,7.347393723923574e-16,2.2058582455020506e-08,8.847604449174312e-08,0.0005636622295716251,0.0006840041204962623,0.06754813269497774,0.03405373866270395,0.15651047708622587,0.3442698602615151
0.5683968720026467,1.5761878672683184e-16,7.334576690106908e-16,5.952360862115688e-08,4.2623750239264787e-07,0.0003088915348241993,0.0007985373283905145,0.0647778637543243,0.032249901515181194,0.153509352400518,0.34192487196973553
0.5714332039640737,1e-18,1e-18,9.753737109545927e-08,2.3264551145538935e-07,0.0004793023961533226,0.0022730776960837836,0.06201534794781721,0.0304494292779014,0.15051662694346865,0.3395842580612718
0.5744668491257223,1e-18,1.827253700778262e-16,2.980357169783233e-09,5.498835965904393e-08,4.6892618760603774e-05,0.0010820972833134562,0.059260670991437045,0.028652385742042458,0.14753239357405679,0.33724810146465517
0.5774976933840229,1.563954769710483e-16,5.472203140531857e-16,2.243158727980376e-08,2.2014610431708284e-07,0.0007993165844239588,0.0019895969635112644,0.056513917713866116,0.026858834358122034,0.14455674419002162,0.3349164846655586
0.5805256227407551,1.5599006117281342e-16,5.46266412495974e-16,1.0376161427366904e-07,1.2098316139005618e-07,0.0002631516010517006,0.00024295230813674258,0.05377517205707504,0.02506883823411932,0.14158976972849796,0.3325894897043551
0.5835505233073365,1.5558584303532697e-16,5.453144390090129e-16,4.9058567055541016e-08,5.56101529323685e-08,0.00027601598336756176,0.0015001619477193137,0.051044517077034515,0.023282460133642338,0.13863156016678738,0.330267198173735
0.5865722813091051,1e-18,1.814548089516673e-16,9.193673570367205e-08,3.4792110319796773e-07,0.0005469422061913003,0.0015485952383186134,0.04832203494454968,0.021499762474141693,0.13568220452326216,0.3279496912163842
0.5895907830895996,1.5478104826660076e-16,5.434164091112473e-16,5.819873656535719e-08,1.4590257812361063e-07,1.3877578172566527e-06,0.0009922715736149833,0.045607806946216946,0.019720807325177687,0.13274179085840168,0.325637049522731
0.5926059151148334,3.087609911405971e-16,1.8082347288958753e-16,7.826929072207937e-08,4.614474564468533e-08,0.0001266396901996789,0.0012449854813087482,0.04290191348550353,0.01794565640673169,0.12981040627596216,0.3233293533287512
0.5956175639775663,1.539811884049567e-16,1.8050882941046476e-16,8.326935916545515e-08,2.855164368844976e-07,0.00024866480597972166,0.0010905327667358807,0.0402044340839437,0.016174371087566954,0.0402044340839437,0.016174371087566954
0.5986256164015685,1.5358313841177012e-16,3.603897668766508e-16,1.1366912888853113e-07,2.960733761864512e-07,0.0003648291493629489,0.0017269247288448748,0.0375154473824588,0.01440701238364038,0.0375154473824588,0.01440701238364038
0.6016299592458824,3.0637271420357766e-16,8.994082287441751e-16,1.7810504394381542e-09,1.1171836628385356e-07,0.0004752742493768636,0.0015678511335939602,0.0348350311427898,0.012643640956556295,0.0348350311427898,0.012643640956556295
0.6046304795090774,3.055817117122962e-16,8.97845635272245e-16,3.2745833090031645e-08,4.9988694571186014e-08,0.0005801415942956156,0.0006175232664075832,0.032163262249051756,0.010884317112077116,0.032163262249051756,0.010884317112077116
0.6076270643335008,1e-18,1e-18,2.090285501636887e-09,1.3691331356445603e-07,0.000679572621831079,0.001245279698685533,0.029500216709398886,0.009129100798675183,0.029500216709398886,0.009129100798675183
0.610619601009522,3.040074768687051e-16,5.368388675496777e-16,8.017321326470491e-08,1.7867645428430363e-07,0.00010518919796995518,0.00029492468078087835,0.026845969657808725,0.007378051606136526,0.026845969657808725,0.007378051606136526
0.6136079769797723,1.5161214437319952e-16,1.786359911129784e-16,5.4764890018539783e-08,1.0205254485742585e-07,0.0008626911649206808,0.0017029817768507093,0.024200595355974793,0.005631228764210908,0.024200595355974793,0.005631228764210908
0.6165920798433786,1e-18,1e-18,5.6025927079967614e-08,1.980411761546886e-07,0.00038350045927156126,0.0016013251383677068,0.02156416719531529,0.0038886911413113395,0.02156416719531529,0.0038886911413113395
0.6195717973601904,1e-18,1.7801768898864285e-16,6.699311602041572e-08,1.7115268407936584e-07,0.00036238972019971477,0.001367567167289705,0.018936757699089365,0.0021504972432610024,0.018936757699089365,0.0021504972432610024
0.6225470174550023,4.513360523204499e-16,7.10838822621502e-16,4.481371238002323e-08,3.331410153251646e-08,0.0008848683774849984,0.0019280214407538547,0.016318438524624532,0.0004167052120869742,0.016318438524624532,0.0004167052120869742
0.6255176282217688,1e-18,1.7740251451401151e-16,9.952255233843699e-08,2.842157173256332e-07,0.0001500261032155884,0.00053240266511656,0.01370928046565073,0.001312627175135985,0.01370928046565073,0.001312627175135985
0.6284835179278139,1e-18,1e-18,1.0058412327525134e-08,6.645000299583235e-09,0.0005769643562572988,0.0008569424828108972,0.011109353454744219,0.0030374425073945925,0.011109353454744219,0.0030374425073945925
0.6314445750180333,1e-18,1.7679054953475738e-16,2.0760398668966936e-09,5.547763588090371e-08,0.0006735014106400788,0.00164755150249178,0.008518726565871774,0.0047576837408017745,0.008518726565871774,0.0047576837408017745
0.6344006881190902,1e-18,1.7648579589753241e-16,1.0682152114597522e-07,2.5228751491593153e-07,4.33031653827802e-05,0.00026375228835709484,0.005937468017045154,0.006473294199609536,0.005937468017045154,0.006473294199609536
0.637351746043605,1.485279521852028e-16,7.047274994127575e-16,4.4763103068809276e-08,1.0594164446488862e-08,9.948096352558011e-05,0.0003391993030199082,0.0033656451730733447,0.008184217577176233,0.0033656451730733447,0.008184217577176233
0.6402976377943365,1e-18,3.517575926761338e-16,7.56804989966709e-08,3.117791186797051e-07,0.0011513694448389504,0.00215516667077005,0.0008033245484196819,0.009890397936888113,0.0008033245484196819,0.009890397936888113
0.6432382525683572,1e-18,1e-18,4.137726205813497e-08,8.400402658206892e-08,0.00044962275779825,0.0015532587257430233,0.0017494281898427257,0.011591779713032536,0.0017494281898427257,0.011591779713032536
0.6461734797612215,1.4739431183441811e-16,5.258256189337965e-16,4.814253400585323e-08,4.773668391986489e-08,0.0004030659854562766,0.00018354304841738852,0.004292548218975902,0.013288307711622404,0.004292548218975902,0.013288307711622404
0.6491032089711245,1.4701928984488902e-16,1.74974714342259e-16,6.654434878228566e-09,6.481191413240814e-08,0.0002866028650159418,0.0004110115277085062,0.0068259715574243785,0.014979927111179316,0.0068259715574243785,0.014979927111179316
0.6520273300030557,1.466457126010614e-16,1.7467510398754885e-16,7.558850983013164e-08,2.666566446289567e-07,0.0003246849085333845,0.0010026888649254087,0.009349635061568485,0.016666583463465445,0.009349635061568485,0.016666583463465445
0.6549457328729431,1.4627358932652462e-16,3.4875276970532514e-16,2.251915228805495e-08,1.0755190204783134e-07,0.0003595665125012696,0.0008246635813362083,0.011863476422378167,0.018348222694168317,0.011863476422378167,0.018348222694168317
0.6578583078117903,1.4590292912183196e-16,3.481571329531808e-16,4.494190323263372e-08,2.046084236863989e-08,0.0008919889259139598,0.0008846503047877648,0.01436743416198063,0.02002479110354662,0.06776861299118765,0.17597025067574407
0.6607649452698052,1.4553374096502334e-16,3.4756331666336086e-16,6.990169722392515e-08,1.7814784273148272e-07,0.00021977942595234666,0.0010601403317946117,0.016861447630129835,0.0216962353670215,0.06506676506735934,0.1739645175595742
0.6636655359205201,2.9033206742432186e-16,5.204570094706217e-16,1.508050808747267e-08,6.496310909478024e-08,0.000192047957631487,0.00047256118890829827,0.019345457000588737,0.023362502535727192,0.06237575491602887,0.17196499695712736
0.666559970664904,2.895996321957555e-16,6.927624411637972e-16,1.4778934151704924e-08,2.8170680165678035e-08,0.0001669681834978813,0.0006491285379402974,0.02181940326742213,0.025023540037014923,0.05969564646029269,0.1699717519555821
0.6694481406354664,2.8887019347187887e-16,5.186894670173211e-16,6.07563852684984e-08,1.0414718140678773e-07,0.00014440185654460337,6.505766602395086e-05,0.024283228241202357,0.026679295674913048,0.05702650273869744,0.16798484519010434
0.6723299372003516,1e-18,1e-18,9.935665506597983e-09,5.272730672598286e-08,0.00012421095847096395,0.00024237353079604315,0.02673687454512763,0.028329717630538296,0.054368385909445066,0.16600433884335405
0.675205251967425,1.4371018662328308e-16,3.446221958603009e-16,9.40512960400611e-08,2.3282468554999984e-07,0.00010625770617967795,0.00041929776249501977,0.029180285611056882,0.029974754462466738,0.05172135725468838,0.1640302946450399
0.6780739767883497,1.4335001250099249e-16,1.7201984634826008e-16,1.0093336307400282e-07,1.9795232758172316e-07,9.040455812615022e-05,0.00016079886599228767,0.03161340567546139,0.031614355107057394,0.04908547718491683,0.16206277387153112
0.6809360037626546,1e-18,1e-18,2.3382918142764123e-08,2.60002380514661e-08,7.651422052087281e-05,1.638499644121501e-05,0.03403617977529563,0.033248468878734706,0.04646080524342973,0.16010183734551836
0.6837912252417927,1.4263426680593588e-16,5.143208283423451e-16,2.7497674953243343e-08,7.130882181514989e-08,6.444965338099733e-05,0.0009469416000333273,0.03644855374378495,0.03487704547022087,0.04384740011089964,0.15814754543573495
0.68663953383319,1.4227871115251952e-16,3.423039505347229e-16,8.310226514027705e-08,1.3810250453965346e-07,0.0006798224656265501,0.0011215206111539824,0.038850474206138,0.03650003495273331,0.04124531961001717,0.15619995805672005
0.6894808224042844,1.419247107133288e-16,3.4172935138481007e-16,9.002936970366305e-09,1.510465513241071e-07,0.0006694424536875744,0.0005438482361351862,0.04124188857518058,0.03811738777613011,0.038654620710221035,0.15425913466864388
0.6923149840865563,2.831445463137922e-16,5.117351583715191e-16,1.451114803189382e-07,1.6317957353016252e-07,0.0005847973369862171,0.0007823757329133793,0.043622745046912985,0.03972905476901865,0.03607535953251093,0.15232513427717762
0.6951419122795475,1.412214060364891e-16,5.108793456869066e-16,2.571571659252088e-08,9.191379467992766e-08,0.0005893808124033476,0.000606607173858175,0.04599299259599532,0.041334987138818516,0.0335075913543384,0.15039801543341777
0.6979615006548703,1.408721167907901e-16,1.7000887160780177e-16,1.1366367903531968e-07,2.2036332598461803e-07,2.6735473598563704e-05,0.00043186515684065903,0.048352580971156994,0.04293513647178173,0.03095137061457992,0.14847783623386193
0.7007736431602078,1.405244127445858e-16,1.6972566379305703e-16,2.1299382904163725e-08,8.192959699301619e-08,2.2762628444887794e-05,0.00048823428707075436,0.05070146069053853,0.04452945473297279,0.028406750918583256,0.14656465432043264
0.7035782340233024,1.4017830110946727e-16,3.3888700050034816e-16,9.686842742800161e-08,2.867147637182352e-07,1.966385804083308e-05,0.0006594501648280992,0.053039583036960984,0.0461178942662043,0.025873785043292265,0.14465852688055483
0.7063751677559338,1.398337889845405e-16,3.3832477875466313e-16,3.7633537406470094e-08,5.891934480131927e-08,0.0006322998608940433,0.0015733962964522208,0.05536690005312815,0.047700407793933565,0.0233525249424445,0.14275951064727974
0.7091643391578871,1.394908833571461e-16,5.066470185164198e-16,4.76663332344219e-08,6.060587261005043e-08,0.0005979377868094043,0.001230213698224389,0.05768336453676318,0.04927694841711631,0.020843021751839882,0.14086766189946043
0.7119456433209097,1.3914959110358934e-16,1.686033588983414e-16,7.801507527455896e-08,6.495695215915299e-08,1.4265415557725971e-05,0.0004237414383174711,0.059988930035677276,0.050847469615019555,0.01834532579468295,0.13898303646197654
0.714718975632657,2.77619837979758e-16,6.73301823010067e-16,2.1727465070819286e-08,5.035523019200474e-08,1.331789093162008e-05,0.0005907024068314787,0.06228355084277837,0.05241192524499577,0.0158594865869901,0.13710568970600506
0.7174842317806271,2.769437473449519e-16,5.041459145923988e-16,8.408099448214716e-08,1.4025744761300184e-07,0.0006215791974313705,0.0014951829308843465,0.06456718199101437,0.05397026954221463,0.013385552843067763,0.13523567654934243
0.7202413077560844,1.381354616990504e-16,1.6777291429559756e-16,3.3110072140551605e-08,1.1992062687523568e-07,1.1898855880446192e-05,0.0005558969891824487,0.06683977924825782,0.0555224571193558,0.010923572481054033,0.03892529716870862
0.7229900998579719,2.7560137901849574e-16,6.699931681692824e-16,6.397833163429198e-08,1.7441383506295345e-07,1.1161155609293102e-05,0.0003452164884523009,0.06910129911213084,0.05706844296626304,0.00847359262852493,0.03722471273711066
0.7257305046968112,1e-18,1e-18,4.3027021282239705e-08,2.178362856009979e-07,0.0006148164871675698,0.001242118567579779,0.07135169880477277,0.05860818244955973,0.006035659628162834,0.03553099930548429
0.7284624191985912,2.742721794072534e-16,6.678095365144393e-16,1.5812343526997483e-08,7.479599335764241e-08,8.966361717243587e-06,0.0006662189186976321,0.07359093626754987,0.06014163131222114,0.00360981904348764,0.03384420555655675
0.7311857406086459,2.7361254886797706e-16,3.333622282493147e-16,2.6232321849017065e-08,7.142746380168563e-08,0.0006089254092726377,0.0015568996928015323,0.07581897015571509,0.06166874567311745,0.0011961156646419812,0.03216437975957081
0.733900366495518,1.3647812364192418e-16,4.992329312472912e-16,2.304868319134559e-08,5.0190062235404566e-08,4.932214708606482e-06,0.0012162410841697823,0.07803575983300866,0.0631894820265078,0.0012054064857593765,0.030491569770841415
0.7366061947548127,1.3615164323873745e-16,3.3228396132702657e-16,6.919314449739005e-08,1.7333922219101006e-07,1.8965895663943803e-06,0.0004021833018603335,0.08024126536621197,0.06470379724150674,0.003594704146729629,0.02882582303434258
0.7393031236130374,1e-18,1e-18,2.3862326116790772e-08,5.6015908510387717e-08,0.0005993654977787057,0.0009043891981344906,0.0824354475196489,0.06621164856150719,0.005971734812952975,0.0271671865823421
0.7419910516314301,1e-18,1e-18,4.470874779935314e-08,7.689667766673482e-08,6.866351630258143e-06,2.3484204920601196e-05,0.08461826774964,0.06771299360357001,0.008336456728776668,0.025515707036072983
0.7446698777097744,1e-18,1e-18,8.60727596733733e-09,3.913932227363645e-08,0.0006073924226808067,0.0013288067791752043,0.08678968819890807,0.06920779035777469,0.01068882888215041,0.02387143060644785
0.7473395010902031,4.0458762043241087e-16,8.253877606398617e-16,3.108733904533958e-08,7.880874427956414e-08,2.008693299238932e-05,0.0009981969755279943,0.08894967169093931,0.07069599718653767,0.013028810998517595,0.022234403094808564
0.7499998213609863,1e-18,1e-18,1.6773516835142973e-08,7.803890160744048e-08,0.0006204262397175027,0.001033415570471192,0.09109818172430155,0.07217757282389346,0.015356363534660009,0.02060466989371719
0.7526507384603098,1.3422815711270122e-16,6.582095037012882e-16,3.267204981686009e-08,2.138212989953994e-08,3.8802669951161115e-05,0.0005578670886813278,0.09323518246691559,0.07365247637473722,0.017671447672491895,0.01898227598778906
0.7552921526800378,1.3391352637888288e-16,4.928747184709928e-16,7.409903495883695e-08,2.3083664713784052e-08,5.054388151434801e-05,0.0014709024240149651,0.09536063875029091,0.07512066731404102,0.01997402531281515,0.017367265954554886
0.7579239646694634,1.3360060967693632e-16,1.6403196925444733e-16,7.794408680192926e-08,7.208153931873977e-08,0.0005235363439998736,0.0008329813266787409,0.0974745160637177,0.07658210548602801,0.02226405906902751,0.015759683965369194
0.7605460754390454,2.6657882403793374e-16,8.188678614266494e-16,4.42499654886459e-09,8.877026111864203e-08,7.943514608807768e-05,0.0002461019776589857,0.09957678054842246,0.07803675110331665,0.024541512260790994,0.014159573786351692
0.7631583863641319,1.3297993832144437e-16,1.6351638891868814e-16,3.1975889076211064e-08,2.123808090012043e-08,0.00048801098749593554,0.0003777695288960453,0.10166739899168739,0.07948456474603377,0.026806348907661343,0.012566978779362855
0.7657607991886692,1.3267219340607937e-16,3.2652085218356035e-16,1.3860481654064738e-07,2.2416121157900117e-07,0.00011639014382995354,0.0005064892549657285,0.10374633882093184,0.08092550736088802,0.02905853372267617,0.01098194190302317
0.768353216028898,1e-18,1.630056906769149e-16,6.209391484985904e-08,7.197153421171731e-09,0.00013820964065267558,0.0008016264036979528,0.10581356809776338,0.08235954026021965,0.03129803210591033,0.009404505713758393
0.7709355393770349,1e-18,1e-18,6.459508670378571e-08,1.4853506685398656e-07,0.00041838836988421945,0.000754788022603211,0.10786905551199429,0.08378662512101154,0.033524810137993806,0.007834712366887306
0.77350767210494,1.317593781671729e-16,4.874997877465826e-16,1.2763420416935757e-08,2.8072211177589023e-08,0.0001891655805120068,0.0005551456426391311,0.10991277037562779,0.0852067239838728,0.035738834573596764,0.006272603617739926
0.7760695174677699,2.629171894665635e-16,4.8674674997145e-16,2.0703685678001263e-08,1.9816138391809356e-09,0.00021855408392594357,0.0004367511318038357,0.11194468261681488,0.08661979925199079,0.03794007283488279,0.004718220822810129
0.7786209791076171,2.6231912559940255e-16,6.47996633283263e-16,3.6940321742859606e-08,2.6171360438668195e-08,0.0003261288326592524,0.001815753890437818,0.11396476277378223,0.08802581369005026,0.04012849300493075,0.00317160494094472
0.7811619610571334,1e-18,3.23501321580321e-16,9.280088561795628e-08,1.2824810919871922e-07,0.00028975892866752123,0.00021002267584634027,0.11597298198873536,0.08942473042312708,0.042304063821129965,0.0016327965345602042
0.7836923677431404,1.305667704322191e-16,3.2300686110334156e-16,5.434630288016342e-08,2.1777260176510118e-07,0.0003238662063672799,0.0006084638283723652,0.11796931200173356,0.09081651293554842,0.04446675466854469,0.18173486164199357
0.7862121039902237,1e-18,1.6125747402822463e-16,1.5770483831925417e-08,5.512213680488695e-08,0.00036510149585054205,0.0007064160364201866,0.11995372514454385,0.09220112506972514,0.04661653557325584,0.18298101256275262
0.7887210750243128,1e-18,1e-18,1.710400814671838e-08,1.111156722683464e-09,0.00016205331444618833,0.00010381703690684403,0.12192619433447076,0.09357853102495804,0.04875337719567665,0.18422067792246224
0.7912191864762459,2.5938164414298914e-16,3.2153881500242196e-16,7.273636610256124e-09,2.8966382501645435e-08,0.0001128730133426897,0.0005059344304358383,0.12388669306816565,0.09494869535621352,0.050877250823846115,0.18545382582059217
0.7937063443853194,1e-18,1e-18,1.8135749543475533e-08,3.088997698515645e-08,0.0005089364971992255,0.00029468866374023637,0.12583519541541638,0.09631158297287253,0.052988128366701075,0.18668042467558527
0.7961824552028223,2.5823145813884544e-16,4.808595339844939e-16,4.260001446848191e-08,8.629475399623272e-08,0.0005640018653909079,0.0003205477999662584,0.1277716760129169,0.09766715913745115,0.05508598234732663,0.18790044322370603
0.7986474257955536,1e-18,1.6004701751194624e-16,3.882906332992706e-09,1.0426461686197383e-07,0.0006228317952679643,0.000937590767004699,0.12969611005802287,0.09901538946429957,0.057170785896191456,0.1891138505178696
0.801101163449327,2.5709553795439176e-16,4.794265038734828e-16,3.234200177391916e-08,5.778761291703309e-09,0.00012018927597561206,0.001254856971764699,0.1316084733024881,0.10035623991826799,0.05924251274436212,0.1903206159264412
0.8035435758724571,1.2826647269556461e-16,4.787159059489345e-16,5.004593179958942e-08,9.427456775705847e-08,0.0003759706418296207,7.203948513331906e-05,0.13350874204619093,0.10168967681335393,0.061301137216706825,0.19152070913201855
0.8059745711992307,1.2798697018781115e-16,3.1867285101891694e-16,4.79144118923512e-08,2.2709010440242232e-07,0.00026023496516482006,2.622296682588747e-06,0.13539689313084233,0.10301566681132004,0.0633466342250792,0.19271410013018805
0.8083940579933625,1e-18,3.182044221289401e-16,5.2143685922673184e-08,1.2546581058056379e-07,0.0003365612591826747,7.307720241559598e-05,0.13727290393368635,0.10433417692028829,0.06537897926149355,0.19390075922825944
0.8108019452514343,2.548667196219192e-16,3.177386622278842e-16,1.4021741584784956e-08,2.8691121873918098e-08,0.00041725067401001184,0.0005594610356060467,0.13913675236118803,0.10564517449331304,0.06739814839128702,0.19508065704398173
0.8131981424063175,1e-18,3.1727558279224635e-16,3.835218374065717e-08,8.652804338810135e-08,0.0006160813137564253,0.0008987767101240902,0.14098841684271396,0.10694862722692657,0.06940411824627347,0.1962537645042339
0.8155825593305798,2.537739274057902e-16,4.75222792765529e-16,1.5206549031187148e-08,1.2098160839618245e-07,0.0005239104795871003,0.0009551699460627569,0.142827876324202,0.1082445031596655,0.0713968660178855,0.19742005284369896
0.8179551063398751,2.532329574887427e-16,1.5817875530811208e-16,3.493876639273569e-09,7.7087904691135e-08,0.00042703315102875163,0.0003113995731343438,0.1446551102618274,0.109532770670572,0.073376369450313,0.1985794936035148
0.820315694196317,2.526956129927816e-16,4.738538103351739e-16,5.8565307622770495e-09,3.108500881863648e-08,0.0003253303447763515,0.0003597503198241969,0.1464700986156623,0.11081339847767545,0.07534260683363415,0.1997320586299079
0.8226642341118349,2.5216189970361267e-16,1.57725147496199e-16,4.735447451985011e-08,6.135577384306805e-08,0.00021868345281535252,0.0004034675563494754,0.1482728218433302,0.112086355636452,0.07729555699694107,0.2008777200728068
0.8250006377515137,1.2581591163075793e-16,4.725011786961661e-16,4.7493634122398316e-08,7.661014521331309e-08,0.00010697424143346629,0.00044248082008629713,0.15006326089365898,0.11335161153826089,0.07923519930146392,0.2020164503844348
0.8273248172369163,1e-18,1e-18,6.5281923318374e-09,9.846092722906047e-08,0.0010944580308587227,0.0018601430596486722,0.15184139720033113,0.11460913590876666,0.08116151363369205,0.20314822231789
0.8296366851493893,1e-18,1.5705500921002374e-16,6.75171506435897e-09,1.2059553440608632e-07,0.00013210220957348716,0.00018462072533459358,0.1536072126755345,0.11585889880633406,0.08307448039849571,0.20427300892570066
0.8319361545333501,1e-18,1e-18,6.106878865772844e-08,5.186377920916837e-08,0.00025970405542215133,0.00015917000031617388,0.15536068970361275,0.11710087062041055,0.08497408051224714,0.20539078355836948
0.8342231388995589,1e-18,3.132303227211659e-16,2.2562792145550834e-08,5.7916151982104804e-08,0.0003928374358124774,0.0008275101034812987,0.1571018111347186,0.1183350220698857,0.08686029539594517,0.20650151986289714
0.8364975522283707,2.490361812239697e-16,4.691919790281843e-16,4.0439043858373533e-08,3.6552477291688625e-08,1.601762271115621e-05,0.00012330828993261395,0.15883056027846898,0.11956132420143484,0.08873310696834139,0.20760519178129136
0.8387593089729711,1.242640182015948e-16,1.5618089072904619e-16,2.0233772274969498e-08,7.787503911822068e-09,0.0004168739073701619,0.001260745434316955,0.16054692089760556,0.12077974838784436,0.09059249763907269,0.20870177354905992
0.841008324062594,2.480235639973988e-16,4.678975786413709e-16,1.8935554063914494e-08,5.3995222425832625e-08,0.0002811791745811979,0.0007939073671102852,0.16225087720165937,0.1219902663263186,0.09243845030179765,0.20979123969368674
0.8432445129057211,1e-18,1e-18,2.8882713303632164e-08,1.3097868306166028e-07,0.0004387001047746771,0.0001081554268042256,0.16394241384062355,0.12319285003677438,0.09427094832734219,0.21087356503309693
0.845467791393264,1.2351282724015658e-16,4.666200909077492e-16,2.49662319857257e-08,1.3271835045220313e-07,5.910757201785781e-05,0.0007977567723852322,0.1656215158986315,0.12438747186011408,0.09608997555685078,0.21194872467410267
0.8476780759017275,1e-18,3.1065848401948093e-16,6.936114609206869e-08,2.1942458095725084e-07,0.00023003151190917952,0.0008077632587840137,0.16728816888764633,0.12557410445648906,0.0978955162949502,0.21301669401084014
0.8498752832963552,1e-18,1.5511987768882884e-16,3.114261847285997e-08,1.3404390262799935e-07,0.0004072777914059629,0.0005411999821788605,0.16894235874115762,0.12675272080354194,0.09968755530292076,0.21407744872318774
0.8520593309342556,1e-18,1.549119420838989e-16,4.310797449296626e-08,3.675210678157396e-08,5.09759191331188e-05,0.0008442818969311519,0.1705840718078896,0.12792329419464135,0.1014660777918804,0.2151309647751772
0.8542301366675117,1e-18,1.5470543988323422e-16,4.255298725063412e-08,8.688504661253191e-08,0.00024226872832558104,0.0008709303072110361,0.17221329484552367,0.12908579823709712,0.10323106941598396,0.2161772184133874
0.85638761884627,2.445954505560534e-16,4.635011271590103e-16,2.1308739228688803e-08,1.1117672806713761e-07,0.0004402161934644147,0.00022376212208011315,0.17383001501442938,0.1302402068503651,0.10498251626563183,0.21721618616532862
0.8585316963218117,2.4412051051113613e-16,4.628902625127439e-16,2.1077147488216885e-08,1.0299552422943976e-07,0.0004287222659979872,0.0004158641025196004,0.17543421987141403,0.1313864942642397,0.10672040486069852,0.21824784483781573
0.8606622884496051,1.2182463965563826e-16,1.540945797598723e-16,6.301627886628147e-09,5.579518043092239e-08,0.00032073543123406733,0.00030753024598460376,0.17702589736348393,0.13252463501703232,0.10844472214377425,0.2192721715153291
0.8627793150923388,1e-18,1.5389385695496946e-16,2.6060724127157406e-08,1.283667791452408e-07,5.587899456103015e-06,0.00035819949716706697,0.1786050358216232,0.13365460395373893,0.11015545547342516,0.22028914355836504
0.8648826966229359,2.427179571537776e-16,1.5369459017048154e-16,1.3181626331469787e-09,6.617953432634569e-08,0.00023331816998664777,0.0010907709468462228,0.18017162395458938,0.13477637622419772,0.11185259261747184,0.22129873860177796
0.8669723539275489,1e-18,1e-18,1.0318772289910419e-07,1.1054859503396572e-07,6.44834842445389e-05,0.00019764242461612166,0.18172565084272754,0.13588992728123472,0.11353612174628817,0.22230093455311126
0.8690482084085351,2.4180151039020086e-16,1.5330044205107656e-16,2.042969838417329e-09,9.013082294326747e-08,0.0001787589467981271,0.00012807059317125824,0.1832671059318012,0.1369952328787992,0.11520603142611797,0.22329570959091927
0.8711101819874136,2.41348873027041e-16,3.062111385538587e-16,8.209128822613562e-09,8.115702461775379e-08,0.00010131802511663756,0.0006210063764404231,0.1847959790268467,0.1380922690700917,0.11686231061241724,0.22428304216308254
0.8731581971078017,1.2044998179808455e-16,3.0582433929080805e-16,3.1978064516103865e-09,7.749196430875417e-08,0.00015784673173623007,2.955847668209831e-05,0.1863122602860451,0.13918101220568052,0.11850494864321552,0.22526291098511245
0.8751921767383316,1e-18,1e-18,8.041922022339466e-08,7.315815872352934e-08,0.0001041295220331522,0.0005539227579985981,0.18781594021461814,0.1402614389316117,0.120133935232503,0.22623529503845052
0.8772120443755482,1e-18,1.5252980635205148e-16,5.0744840621791757e-08,1.95433161488047e-08,0.00017136503689935953,0.0004585578276469431,0.18930700965874542,0.14133352618750877,0.12174926046364087,0.2272001735687579
0.8792177240467867,2.39575630504546e-16,4.570225524933122e-16,1.9311913307876624e-08,3.9420869800866224e-08,7.213717412942643e-05,0.00035679593544244353,0.19078545979950623,0.14239725120466912,0.1233509147827984,0.2281575260842022
0.8812091403130295,1e-18,3.04306769470433e-16,2.9541606399950264e-08,8.06244590505641e-08,0.000745970100620416,0.0004206060166383646,0.19225128214684553,0.1434525915041491,0.124938888992416,0.22910733235373418
0.8831862182717447,2.387114303163771e-16,3.03934824012641e-16,7.99636172310633e-08,1.8040636872938094e-07,0.0005203665201991056,0.0012028997715011255,0.19370446853356463,0.1444995248948455,0.12651317424469502,0.23004957240536095
0.8851488835597023,1.1914247202011136e-16,1.51782936535559e-16,5.23861868436935e-08,7.475882604961703e-09,0.00030480064600895367,0.0006550732985274561,0.1951450111093401,0.14553802947157096,0.12807376203511844,0.23098422652441386
0.8870970623557719,1.1893110165809418e-16,1.515999621636292e-16,5.9512643620577346e-08,4.6230251404237926e-08,0.0006224204645777381,0.00011552701587184918,0.19657290233476665,0.14656808361312268,0.1296206441959972,0.23191127525181043
0.889030681383699,1e-18,1.51418492681126e-16,4.152977390028827e-08,3.3983034468871804e-08,0.00042625871554292515,0.0009161968996376977,0.19798813497543113,0.14758966598034848,0.1311538128900504,0.23283069938231363
0.8909496679148612,2.370279670031968e-16,3.0247706365777326e-16,1.0656409410544954e-08,6.3472656659505155e-09,0.000240392368328024,0.0003917622708072208,0.1993907020960126,0.14860275551420662,0.13267326060401363,0.23374247996278597
0.892853949771004,1e-18,1e-18,9.662779530246444e-09,1.625224553483363e-07,0.0005852290783592951,0.00012424516242672362,0.20078059705441503,0.1496073314338247,0.13417898014228297,0.23464659829044224
0.894743455326955,1.181043687298802e-16,3.017663014636618e-16,4.998275619900788e-09,2.5083087170863488e-08,0.0006195528425529469,0.0006317813212753179,0.20215781349592585,0.15060337323455006,0.13567096462058634,0.23554303591109507
0.8966181135133184,2.358047548785996e-16,3.014154754460189e-16,2.4574818157255814e-08,1.5765304910906556e-07,0.0002546105662812394,0.0011308023857889166,0.2035223453474108,0.1515908606860052,0.137149207459695,0.23643177461740467
0.8984778538191482,2.354045294068355e-16,3.0106769563426857e-16,8.821852889132422e-09,7.087568748584721e-08,0.00011918690111414773,0.00036489979895918886,0.20487418681153657,0.15256977383013384,0.13861370237916462,0.23731279644712047
0.9003226062945998,2.3500806268087023e-16,3.0072296902288216e-16,1.766845289860565e-08,4.439027379496033e-09,1.4842525123211361e-05,0.0005420619706219299,0.20621333236102804,0.15354009297924912,0.1400644433911137,0.2381860836813242
0.9021523015535613,1.1730767812942152e-16,3.0038130251097047e-16,3.544796344061868e-08,3.5945891833864965e-08,0.00037784694973496855,6.584120850141909e-05,0.2075397767329588,0.1545017987140807,0.14150142479403868,0.23905161884267262
0.9039668707762636,1.1711320581115536e-16,1.5002135145148913e-16,7.08528631943243e-08,8.185690264959624e-08,0.000765507129404466,0.0010614656477143205,0.20885351492307488,0.15545487188181925,0.14292464116666445,0.23990938469363732
0.905766245711868,1e-18,1.4985358845468923e-16,9.437747048693579e-09,2.1139142010851627e-08,0.00016237985651011057,0.0002013502987064438,0.21015454218015447,0.15639929359416233,0.14433408736183403,0.2407593642347461
0.9075503586810347,1e-18,1.4968736557368327e-16,1.9720550034132662e-08,3.35011534240711e-08,7.117214011429719e-05,6.301798966116889e-06,0.2114428540004027,0.15733504522536101,0.014303567500503362,0.0730685497478971
0.9093191425784668,1e-18,1.4952268607077723e-16,2.712085756321052e-08,4.275172960268699e-08,0.0005214648031699119,0.00043625373718975244,0.21271844612188154,0.15826210841026506,0.015898057652351912,0.07408831925129156
0.9110725308754356,1.1635413898755047e-16,1.4935955316233191e-16,4.2034464627846516e-08,4.5574915525684065e-08,7.779203781604549e-05,0.0002130217144464188,0.21398131451897925,0.15918046504237282,0.017476643148724057,0.0750985115466101
0.9128104576222822,1.1616908096265598e-16,1.4919797001910962e-16,1.103397885047801e-08,5.427548296421238e-08,0.00013538946078208396,1.7727935668696973e-05,0.2152314553969143,0.1600900972718793,0.019039319246142872,0.07609910699906725
0.9145328574508983,1.159859075174493e-16,4.4711381929986e-16,4.710186730001993e-08,1.1854532873074668e-08,0.0003284865688185625,0.0003994187056154978,0.2164688651862798,0.16099098750372973,0.02058608148284975,0.0770900862541027
0.916239665577185,2.316092382954973e-16,2.9775893097093067e-16,1.8698413675522683e-09,8.69046606308425e-08,0.0002928947813174429,0.0005020274151634327,0.21769354053762546,0.16188311839567462,0.02211692567203183,0.07807143023524207
0.917930817803489,1.1562521631760818e-16,2.974451004233716e-16,4.2547902035180905e-08,4.912103555951439e-08,0.00026883082830099,0.0005524769722408663,0.21890547831608015,0.16276647285632742,0.023631847895100203,0.07904312014196017
0.9196062505210179,2.308953989202165e-16,4.457015908113106e-16,8.368039031391564e-08,1.9923660549352305e-08,0.000759115607391754,0.0009430789469480559,0.22010467559601307,0.16364103404322664,0.025130844495016347,0.0800051374475493
0.9212659007122324,1.1527206897813946e-16,2.96826817219332e-16,9.640665715454612e-09,1.5485585806545534e-08,0.0002555997325714527,0.0006336703451050287,0.22129112965573758,0.16450678536090382,0.026613912069671977,0.08095746389699421
0.9229097059532162,2.301966504903615e-16,4.447835644013663e-16,1.096910371168083e-07,1.3795914739085425e-07,0.00026658865027781516,0.00039263135435450093,0.2224648379722537,0.16536371045895223,0.028081047465317102,0.08190008150484744
0.9245376044160247,1e-18,1.481105383706972e-16,8.20483842262156e-08,1.8989491500759204e-07,0.00028941753285502593,0.0005458481238732218,0.2236257982160357,0.16621179323010565,0.029532247770044644,0.08283297255311621
0.9261495348710099,1.1475649937777588e-16,1.479614621387671e-16,3.6646296903829184e-08,1.4763059367636165e-08,0.0003241638390022598,0.00018952002235526636,0.224774008245859,0.16705101780831833,0.030967510307323743,0.08375611958915015
0.9277454366891236,2.291768357002888e-16,1.478139622138644e-16,5.6205900843003746e-09,1.2597478335632053e-08,0.0003709048074286285,0.0004926357621958288,0.22590946610367235,0.16788136856685468,0.03238683262959045,0.08466950542354014
0.9293252498441977,1.1442222428666435e-16,1.4766804132968346e-16,1.4864125000938824e-08,2.734466419774181e-08,0.0005767510669870251,0.0011444943117166473,0.22703217000951262,0.16870283011638318,0.03379021251189078,0.08557311312802149
0.9308889149152025,1e-18,1.4752370217808446e-16,5.411608737111634e-08,6.243819636737418e-08,0.0005006786147666784,0.0004744318583226505,0.22814211835646328,0.16951538730307847,0.035177647945579094,0.08646692603338632
0.9324363730884808,1.140955019787678e-16,1.4738094740942907e-16,7.480998174202775e-08,1.217754626579272e-07,0.0004197297745246507,0.0004937006787334188,0.22923930970565756,0.17031902520673073,0.03654913713207195,0.0873509277274038
0.9339675661599607,2.2786994727239564e-16,1.4723977963291516e-16,4.44742534272958e-08,5.162933719351803e-08,0.0006793526469318585,0.0004916316253583441,0.23032374278132833,0.1711137291388617,0.03790467847666041,0.08822510205274786
0.9354824365373446,1e-18,1.4710020141690936e-16,3.889041462026662e-08,1.524963031125201e-08,0.00021356907478602187,0.0011037533480284668,0.23139541646590156,0.1718994846408526,0.03924427058237696,0.08908943310493787
0.9369809272422756,2.2723916680340996e-16,2.939244305785578e-16,6.473370893436661e-09,1.797510962261966e-08,9.187104170996515e-05,0.0005446269201141121,0.2324543297951357,0.17267627748207617,0.040567912243919604,0.08994390523028381
0.9384629819124799,1e-18,1e-18,5.752088555910416e-08,1.4447153831301067e-07,4.233995154057692e-05,0.00038395076769414673,0.021999357395586377,0.15717826887874167,0.04187560244163777,0.09078850302384583
0.9399285448038879,1.1331174927709587e-16,1.4669102921009135e-16,5.350709137751698e-08,8.585410055929734e-08,0.00018913955547196997,1.1347697069255674e-05,0.020621503642056102,0.1561159128560335,0.04316734033557241,0.09162321132740227
0.9413775607927297,1.1316066599207402e-16,4.39673502344189e-16,5.6328965361206175e-08,8.568449193380246e-08,0.0003486032438988781,0.00036980139703715034,0.019260666389803435,0.1550661624378161,0.044443125259559284,0.09244801522743021
0.9428099753776096,1e-18,1e-18,7.039570026132828e-09,1.513530581633219e-07,0.0004732531013795634,0.0005284239221634148,0.017916846170250945,0.15402903629605874,0.045702956715389736,0.0932629000530967
0.9442257346815548,1.1286416727227882e-16,1.4629625165853604e-16,2.963193679165719e-08,2.3381688552840528e-08,0.000286939799584605,0.000772282091070078,0.016590043341832537,0.15300455279639563,0.046946834367031995,0.09406785137426057
0.945624785454043,1.1271875189856496e-16,1.4616786891971537e-16,6.678081757565855e-08,1.2009369008944504e-07,0.0004079886903846744,0.0002794017193117002,0.015280258096089105,0.1519927300006469,0.048174758034916464,0.09486285499949172
0.9470070750730045,1e-18,1.4604109485782402e-16,6.23493170394951e-08,1.1975354794525237e-07,0.000865841916135072,0.000588158871941434,0.013987490463704347,0.15099358566933224,0.049386727690277174,0.0956478969740961
0.948372551546802,1.1243358914119973e-16,2.9183186337689843e-16,2.1756494497375886e-08,6.413088763761421e-08,0.0006394398497713992,0.0008029504909076179,0.01271174032046916,0.1500071372641577,0.05058274344956016,0.0964229635781618
0.9497211635161855,1.1229384171342688e-16,2.9158476317915646e-16,1.1607498423046356e-08,1.2032280534344237e-07,0.0005877895403251205,0.0009158149803121816,0.011453007393181563,0.14903340195049292,0.05176280556889228,0.09718804132461271
0.9510528602562252,1.1215598352992454e-16,1.4567044670190965e-16,3.891233735379392e-08,6.444352299816494e-08,0.00014732060784841846,7.868922562830957e-05,0.010211291265479249,0.14807239659982444,0.05292691443861321,0.0979431169572808
0.9523675916782177,1.1202001452921342e-16,1.4555012912916308e-16,8.663882097102333e-09,1.3459666537596915e-08,0.0008667932978743657,0.0007473330950790388,0.008986591383606163,0.14712413779219627,0.05407507057786922,0.09868817744898865
0.9536653083315718,1e-18,1.4543143093838527e-16,6.172420664929436e-08,2.3009562407301578e-08,0.00039771389514795127,0.0002830093959225079,0.007778907062106741,0.14618864181862243,0.05520727462927493,0.0994232099996538
0.9549459614056672,2.2350748751552998e-16,2.906287083205099e-16,9.796057257812342e-09,4.850360086708108e-08,0.00019876137258017105,0.0008294855213979032,0.006588237489456605,0.1452659246834898,0.05632352735363443,0.10014820203440086
0.9562095027316908,1.116234417934535e-16,1.4519890078938392e-16,3.6740827513961e-08,5.849673389119177e-08,0.0009674444199636597,0.0006042727135336834,0.005414581733618882,0.1443560021069314,0.057423829624732296,0.10086314120169676
0.9574558847844488,2.22990057252023e-16,2.901701455692334e-16,3.135995148951773e-08,1.770657438955233e-07,0.0003350561743038189,0.0001115625618850484,0.004257938747536383,0.14345888952718697,0.05850818242418464,0.10156801537149594
0.9586850606841533,1.1136850412702399e-16,2.899457441386526e-16,5.2886766450646026e-08,2.962342701033505e-08,0.0003103196526096464,0.0002472231599319548,0.003118307374549458,0.1425746021029349,0.059576586836359885,0.10226281263340829
0.9598969841981868,1e-18,1.4486230053170796e-16,3.736198855357342e-08,2.113367405235352e-08,3.866352883607593e-05,0.0003726284883996499,0.0019956863537457354,0.1417031547156073,0.060629044043363375,0.10294752129488
0.9610916097428404,1.1112112056346642e-16,2.8950672005013965e-16,4.113863253170639e-08,8.973043831618073e-08,0.000576073244573766,0.00048774425472188163,0.0008900743252385952,0.1408445619716805,0.06166555532008882,0.10362212987939388
0.9622688923850282,1e-18,1.4464605236812066e-16,3.308314255350351e-08,1.7443636624919746e-07,0.00019853016462700868,0.0005925363727874598,0.00019853016462700868,0.13999883820494263,0.06268612202933782,0.10428662712468793
0.963428787843978,2.2176257970893129e-16,2.8908075869050945e-16,1.92111973658006e-08,5.996395355211333e-08,0.000294806518154903,0.0006869709617313408,0.001270128658137191,0.13916599747873884,0.06369074561700362,0.10494100198099092
0.964571252492896,1e-18,1.444363427068334e-16,4.416991244261401e-08,2.3763600160902117e-09,0.0003761382553294128,0.00013577659162220272,0.0023247227811474844,0.13834605358819124,0.06467942760732577,0.10558524360927832
0.9656962433606084,2.2129802118840074e-16,1.4433394416946392e-16,1.5333256506876605e-07,1.6123626307515324e-07,0.0005308017219171498,0.0004249417513030759,0.00336231423809031,0.13753902006239538,0.06565216959820966,0.10621934137954649
0.9668037181331778,2.2107140455872396e-16,2.8846637083254994e-16,3.841357771610101e-08,1.8283125306643724e-07,0.0004937755289611786,0.0009077937988934411,0.004382904807058606,0.13674491016659235,0.06660897325661744,0.106843284869106
0.9678936351554936,2.2084856247440525e-16,1.4413406809718883e-16,1.015950406041215e-08,5.730943220157808e-09,0.0005299850865943071,0.00032655519079136537,0.005386496334958767,0.13596373690431318,0.06754984031402385,0.10745706386089679
0.9689659534328403,2.2062949451112876e-16,1.4403659382919056e-16,3.0717750751975744e-08,1.9278503131672155e-07,0.000551058061251759,0.000369129718318259,0.006373090732739613,0.1351955130195017,0.006373090732739613,0.02697527455471283
0.9700206326324381,2.204142002314014e-16,2.878815283931872e-16,6.696490902880717e-08,6.965011757850943e-08,0.0004124452639091682,0.0004011404426347476,0.007342689970694779,0.1344402509986058,0.007342689970694779,0.027622642001195043
0.9710576330849607,2.2020267918557977e-16,1.4384658075130214e-16,6.120476215266602e-09,4.571697017180129e-08,0.00042085855051295676,0.00021008907246403458,0.008295296073838075,0.13369796307264742,0.008295296073838075,0.028258888794873652
0.9720769157860272,2.1999493091288007e-16,1.437540450130699e-16,6.4449758959223525e-09,1.0162379547151074e-08,0.00044456826626427593,0.0001988962326284258,0.0092309111173553,0.13296866121926051,0.0092309111173553,0.02888400466920527
0.9730784423976693,2.197909549423719e-16,2.873263169395115e-16,5.737339633190084e-08,1.57629169280687e-07,0.0004836220459932135,0.0008302085652311813,0.010149537222128453,0.13225235716470599,0.010149537222128453,0.029497979573109158
0.9740621752497727,1e-18,1e-18,8.903814904347501e-09,3.405734375549901e-08,0.000538067474465037,0.00020854621606759485,0.011051176550335716,0.13154906238585426,0.011051176550335716,0.030100803669267786
0.9750280773414948,2.1939431797932045e-16,2.8697267752269796e-16,5.6337810134939664e-08,3.0563185050527835e-08,0.0003569543241884088,0.0004016069365870062,0.01193583130112831,0.130858788112144,0.01193583130112831,0.030692467332448008
0.9759761123426558,1e-18,1.4340040841474738e-16,5.287979627183096e-08,1.9479176495705226e-08,0.00027073568702811883,0.0003695595178011256,0.012803503706380708,0.13018154532750814,0.012803503706380708,0.03127296114785018
0.9769062445951057,1e-18,2.866322658010624e-16,3.4753703233246546e-08,1.050887486193092e-07,0.00016899948781762912,0.0003267249950758871,0.013654196026517584,0.1295173447722724,0.013654196026517584,0.031842275909480806
0.9778184391140649,2.188276425515629e-16,4.2970054065236693e-16,1.2361450590368202e-07,8.466671994112037e-08,5.169829856196195e-05,0.0009030198912890224,0.014487910546417179,0.12886619694502527,0.014487910546417179,0.03240040261854977
0.9787126615894404,1e-18,1e-18,1.0235935055401378e-07,8.950693716093339e-08,8.12152790562035e-05,0.00020857030029280732,0.015304649571390815,0.12822811210445548,0.015304649571390815,0.03294733248189531
0.9795888783871167,1e-18,1.4307324852111453e-16,1.8499565867640263e-08,7.346866480603861e-08,0.0007310469142270944,0.0004960543700592915,0.016104415423238986,0.12760310027116117,0.016104415423238986,0.03348305691043329
0.9804470565502201,2.1829489095539876e-16,2.859912107081563e-16,6.167623232750607e-08,6.625272887749768e-08,0.000394069067664925,0.0005820052600561844,0.01688721043638303,0.12699117122942846,0.01688721043638303,0.034007567517632745
0.9812871638003591,1e-18,1e-18,5.5822616344520864e-08,7.402322991610929e-08,0.0005741039618131111,0.0006789043360093149,0.01765303695407802,0.1263923345289753,0.01765303695407802,0.034520856118021165
0.9821091685388375,1e-18,2.8569060754858373e-16,9.490391022085866e-08,5.235399559164736e-08,0.00018865127896246385,0.00015854150824768162,0.01840189732469565,0.12580659948667075,0.01840189732469565,0.03502291472571078
0.9829130398478443,1e-18,1e-18,1.2732029472038667e-08,4.2222000337738306e-08,2.3749189834949076e-05,0.0009056676618382537,0.019133793898092923,0.12523397518821464,0.019133793898092923,0.03551373555295887
0.9836987474916155,1e-18,1e-18,1.1809872717507568e-09,5.42367900252075e-08,0.00025202946480037665,0.0002196252844655491,0.01984872902205207,0.12467447048979143,0.01984872902205207,0.03599331100875021
0.9844662619175716,1e-18,1e-18,7.136507689943417e-09,7.000941537567972e-08,0.0004962368451297988,0.0005492801123890822,0.020546705038802186,0.1241280940196873,0.020546705038802186,0.03646163369741089
0.9852155542574298,1e-18,1.425646717098109e-16,1.263695436886646e-07,1.174854040644274e-07,0.00019941367047931458,7.466094693340633e-05,0.02122772428161646,0.12359485417987753,0.02122772428161646,0.03691869641724783
0.9859465963282892,1e-18,1e-18,1.6198019312860255e-08,3.72157021404006e-09,0.0008777454773229873,0.0003882584596063666,0.02189178907149019,0.12307475914757705,0.02189178907149019,0.03736449215921967
0.9866593606336911,2.1703996339852542e-16,1.4243435851426037e-16,3.4453045115221464e-08,7.230801677997369e-08,0.00037034277718581203,0.00021303809413336528,0.02253890171389478,0.12256781687676253,0.02253890171389478,0.03779901410563211
0.9873538203646535,2.169000391526204e-16,1.423717061830507e-16,6.659847161768837e-09,2.0790770753703204e-08,0.0002745894447286755,0.0006528124893693163,0.023169064495612752,0.1220740350996555,0.023169064495612752,0.03822225562886671
0.9880299494006789,1e-18,2.846214492860903e-16,4.3901378102350914e-08,6.875591100206982e-09,0.000902176861686638,0.0010808591295931897,0.023782279681648012,0.12159342132817606,0.023782279681648012,0.0386342102901348
0.988687722310738,2.1663147952994506e-16,2.8450282963920606e-16,1.5734071954201352e-08,7.77300798502877e-08,0.00039308887907109596,0.0008715431808001255,0.02437854951222019,0.12112598285535765,0.02437854951222019,0.039034871838264866
0.9893271143542252,1e-18,1e-18,2.1447129090066596e-08,3.132550519993831e-08,0.00020094727522037328,2.561881472513295e-05,0.024957876199833966,0.12067172675673081,0.024957876199833966,0.03942423420851645
0.9899481014818898,2.163779684479942e-16,4.264134416580915e-16,9.820496721017586e-09,1.3434473299590021e-08,0.0007776123269041932,0.00041918238460764184,0.02552026192642847,0.12023065989167174,0.02552026192642847,0.03980229152142423
0.9905506603367411,2.1625685490342773e-16,1e-18,6.222645242725928e-09,1.0219534208173127e-07,0.0005653069332822259,0.00017608133507901813,0.026065708840607413,0.1198027889047115,0.026065708840607413,0.04016903808167586
0.9911347682549264,1e-18,1.4203091023630686e-16,6.577754251441545e-08,2.6247730208638334e-08,2.2345267768002355e-05,0.0005463212260563595,0.026594219054948257,0.11938812022681687,0.026594219054948257,0.04052446837701411
0.9917004032665843,2.1602590946226072e-16,1.4197997191605427e-16,9.943606940671384e-09,5.424875420405901e-08,0.0005032187156702994,0.00028033326859374687,0.0271057946433901,0.11898666007662712,0.0271057946433901,0.04086857707717676
0.9922475440966709,2.1591607665378756e-16,1.4193071029080363e-16,6.70173921430855e-09,1.6058541833184126e-07,6.177815776769927e-05,2.9799288036932076e-06,0.02760043763870287,0.11859841446166279,0.02760043763870287,0.04120135903286047
0.9927761701657614,2.158100031945865e-16,2.837662521923315e-16,9.646842239860017e-09,1.1087919399399321e-07,0.00039612291830412426,0.00033824248574337753,0.028078150030034704,0.11822338917949306,0.028078150030034704,0.04152280927472024
0.9932862615908233,2.1570768865319008e-16,2.8367444008251167e-16,9.513326425010607e-09,4.710994248534963e-08,7.816033555811387e-05,3.787473234170331e-05,0.02853893376054223,0.11786158981886692,0.02853893376054223,0.041832923012399784
0.9937777991859664,2.1560913260885206e-16,1e-18,4.678513348936111e-09,1.1589581525003377e-07,0.0005350209221223717,0.00034967975302497623,0.028982790725098014,0.11751302176081051,0.028982790725098014,0.042131695633590996
0.9942507644631644,1e-18,2.835008901108655e-16,6.895392128423026e-09,4.029952423735987e-08,2.6618672192682387e-05,0.0006496443314531034,0.02940972276808086,0.11717769017968561,0.02940972276808086,0.042419122703126616
0.9947051396329514,2.1542329438489903e-16,1.4170957741150018e-16,4.6460965765851715e-08,5.023663612131462e-09,0.0004490399645629666,0.0003145187104283812,0.029819731681244056,0.1168556000442097,0.029819731681244056,0.04269519996210598
0.9951409076050938,2.153360114217253e-16,1.4167039048151105e-16,3.3952596115917514e-08,6.146782520219674e-08,0.0008540275954695547,0.0005909615993426235,0.030212819201669027,0.11654675611844016,0.030212819201669027,0.04295992332705129
0.9955580519892335,1e-18,2.832657696881877e-16,2.3407006430451067e-08,3.3846757179762e-08,0.00029489285385007945,0.0008555438659569311,0.030588987009794018,0.11625116296272144,0.030588987009794018,0.04321328888909592
0.9959565570955087,2.1517271592774103e-16,2.831941221042888e-16,2.5914825673803875e-08,2.4396136845603456e-08,0.0002809704873076222,0.00048551114954314826,0.030948236727527903,0.11596882493459108,0.030948236727527903,0.04345529291320765
0.9963364079351467,1e-18,1e-18,1.0511644866571045e-08,1.7116088496038615e-08,7.239492351939287e-05,0.0007265108067036635,0.031290569916446416,0.11569974618964925,0.031290569916446416,0.04368593183744351
0.9966975902210338,1e-18,1.4153046108822605e-16,1.239715290200703e-08,1.4302197985240431e-08,0.0004083001917980844,0.0009556312805591768,0.031615988076065506,0.11544393068239125,0.031615988076065506,0.04390520227223607
0.9970400903682595,2.14955943568861e-16,2.8299937178870757e-16,5.0371578511321206e-08,8.965283239770059e-08,0.0002186394380350769,7.177519104907152e-05,0.03192449264220423,0.11520138216699435,0.03192449264220423,0.04411310099971912
0.9973638954946384,2.148911970622113e-16,1.4147059450233788e-16,3.059781666854526e-08,8.239994261231595e-08,8.263468220712229e-05,0.00013383289827101206,0.03221608498542542,0.11497210419806991,0.03221608498542542,0.04430962497308293
0.9976689934212104,1e-18,2.828863746759304e-16,1.3635256173650894e-08,9.824537441362503e-08,0.0003664363880080975,0.00032753743799417845,0.03249076640956549,0.11475610013137177,0.03249076640956549,0.044494771315967054
0.9979553726727207,2.1477296870956466e-16,1.4141746480187512e-16,2.8857274505787973e-08,3.129588860180428e-08,0.00031181454958978085,0.0005093355965372074,0.03274853815034945,0.11455337312445882,0.03274853815034945,0.04466853732189244
0.9982230224780879,1e-18,1e-18,8.200451102839573e-09,1.8123796216440038e-08,6.271869612004922e-05,0.0006792247194963387,0.032989401374101106,0.11436392613731336,0.032989401374101106,0.04483092045373141
0.9984719327708629,1e-18,1.413710750918265e-16,5.067062116324548e-08,1.230884557562886e-07,0.00016889184566908015,0.0004063107980144048,0.03321335717654876,0.11418776193290354,0.03321335717654876,0.04498191834322553
0.9987020941896965,1e-18,1.4135040859407952e-16,9.348567328344807e-09,7.662132691417894e-08,0.00038301813483106634,0.00026006521874884334,0.03342040658174411,0.11402488307768671,0.03342040658174411,0.04512152879055424
0.9989134980788403,2.1458156350881617e-16,4.2399428423146477e-16,3.8326371858649466e-08,5.3212793362683545e-08,0.0005796611553153413,0.0001257504100000992,0.03361055054111701,0.11387529194202621,0.03361055054111701,0.04524974976397753
0.9991061364887318,1e-18,2.8262826763393654e-16,3.1420514458608465e-09,1.215783310492088e-07,0.000758821815176153,3.368324272387858e-06,0.033783789932710466,0.11373899070049479,0.033783789932710466,0.04536657939957589
0.9992800021767694,1e-18,2.825970521292133e-16,5.988808067259039e-10,4.211589959460869e-08,2.2916900066983265e-05,0.00010707926162725839,0.03394012556069001,0.11361598133198506,0.03394012556069001,0.04547201600115567
0.9994350886085122,2.1447742289840841e-16,1.4128460504629688e-16,6.213582244484561e-08,3.292500773436277e-08,0.00012141762174235167,0.00020559074681482807,0.03407955815534355,0.11350626561945794,0.03407955815534355,0.045566058040464624
0.9995713899598645,2.1445021572440037e-16,1.4127237096327822e-16,3.0772748155588557e-08,8.550964019407949e-08,0.0002482555434688174,0.0002921647072287449,0.03420208837406799,0.11340984514894101,0.03420208837406799,0.045648704158050564
0.9996889011217347,1e-18,1.4126182399144581e-16,7.878495003080355e-08,4.0732511309839594e-08,0.00035759747360059415,0.00036679989815522517,0.034307716804685855,0.11332672130671587,0.034307716804685855,0.04571995316567211
0.9997876177116407,2.1440706011175204e-16,2.8250592856072557e-16,5.635017516107482e-08,3.195711259091967e-08,0.0004935282640706135,0.00019174184551951065,0.034396443975109985,0.11325689527153476,0.034396443975109985,0.045779804052970205
0.9998675361081968,1e-18,1.4124579195021211e-16,2.6185443711005456e-08,1.376097368394858e-08,0.0004191065653509655,0.0001409556165504547,0.03446827038367636,0.11320036799059528,0.03446827038367636,0.04582825600806118
0.9999286535804022,2.1437891537195518e-16,2.8248061416046626e-16,4.505541638276078e-09,9.784303617001172e-08,0.0003621956950462678,0.00010211804817787185,0.03452319661477156,0.11315714008840667,0.03452319661477156,0.04586530849565142
0.99997096898076,2.143704716048318e-16,1.4123650964655352e-16,3.109042689223901e-08,6.602196020443109e-08,0.0003227943135958868,7.522897136524607e-05,0.034561223961242046,0.11312721137682392,0.034561223961242046,0.04589096167700806
0.9999944901167066,2.1436577822870086e-16,1.4123439886070647e-16,5.6717454311675736e-08,7.361076222569151e-08,0.0003008934842003451,6.028280309338123e-05,0.03458236104823643,0.11311057564170393,0.03458236104823643,0.04590522087853948
